k00,k01,k10,k11,ka,kb,kp,km,class,evergy(average),energy(variance)
0.8,-0.1,-1.5,0.4,0.8,0.4,-0.8,0.7,1,0.436469,0.326091,
0.8,0.3,-1.9,0.4,0.8,0.4,-0.8,1.1,1,0.546673,0.483805,
0.8,-1.5,-0.1,0.4,0.8,0.4,-0.8,-0.7,1,0.436469,0.326091,
0.8,-1.2,-0.4,0.4,0.8,0.4,-0.8,-0.4,1,0.385959,0.265591,
0.8,-1.4,-0.2,0.4,0.8,0.4,-0.8,-0.6,1,0.416571,0.301373,
0.8,0.2,-1.8,0.4,0.8,0.4,-0.8,1,1,0.514531,0.434162,
0.8,0,-1.6,0.4,0.8,0.4,-0.8,0.8,1,0.459429,0.35604,
0.8,-0.5,-0.9,0.4,0.8,0.4,-0.7,0.2,1,0.298714,0.141168,
0.8,-1.6,0,0.4,0.8,0.4,-0.8,-0.8,1,0.459429,0.35604,
0.8,-1.1,-0.3,0.4,0.8,0.4,-0.7,-0.4,1,0.317082,0.155821,
0.8,-1,-0.4,0.4,0.8,0.4,-0.7,-0.3,1,0.306367,0.147155,
0.8,-0.9,-0.5,0.4,0.8,0.4,-0.7,-0.2,1,0.298714,0.141168,
0.8,-0.9,-0.7,0.4,0.8,0.4,-0.8,-0.1,1,0.363,0.24054,
0.8,-1.3,0.1,0.4,0.8,0.4,-0.6,-0.7,1,0.307898,0.115083,
0.8,0.1,-1.7,0.4,0.8,0.4,-0.8,0.9,1,0.485449,0.391832,
0.8,-1.5,0.1,0.4,0.8,0.4,-0.7,-0.8,1,0.390551,0.22423,
0.8,-1,-0.6,0.4,0.8,0.4,-0.8,-0.2,1,0.367592,0.245427,
0.8,-0.8,-0.6,0.4,0.8,0.4,-0.7,-0.1,1,0.294122,0.137658,
0.8,-0.7,-0.7,0.4,0.8,0.4,-0.7,0,1,0.292592,0.136502,
0.8,-0.7,-0.9,0.4,0.8,0.4,-0.8,0.1,1,0.363,0.24054,
0.8,0.4,-2,0.4,0.8,0.4,-0.8,1.2,1,0.581878,0.541618,
0.8,-1.4,0,0.4,0.8,0.4,-0.7,-0.7,1,0.367592,0.201168,
0.8,-1.2,-0.2,0.4,0.8,0.4,-0.7,-0.5,1,0.330857,0.167454,
0.8,-1.1,-0.5,0.4,0.8,0.4,-0.8,-0.3,1,0.375245,0.25371,
0.8,-0.9,-0.3,0.4,0.8,0.4,-0.6,-0.3,1,0.246673,0.0778037,
0.8,-1.2,0,0.4,0.8,0.4,-0.6,-0.6,1,0.288,0.101773,
0.8,-1.4,0.2,0.4,0.8,0.4,-0.6,-0.8,1,0.330857,0.131868,
0.8,-1.1,-0.1,0.4,0.8,0.4,-0.6,-0.5,1,0.271163,0.0914091,
0.8,-0.8,-0.4,0.4,0.8,0.4,-0.6,-0.2,1,0.23902,0.0739091,
0.8,-1,-0.2,0.4,0.8,0.4,-0.6,-0.4,1,0.257388,0.0835418,
0.8,-0.1,-1.1,0.4,0.8,0.4,-0.6,0.5,1,0.271163,0.0914091,
0.8,-1.3,-0.1,0.4,0.8,0.4,-0.7,-0.6,1,0.347694,0.18242,
0.8,-0.4,-1.2,0.4,0.8,0.4,-0.8,0.4,1,0.385959,0.265591,
0.8,-0.6,-0.8,0.4,0.8,0.4,-0.7,0.1,1,0.294122,0.137658,
0.8,-0.7,-0.5,0.4,0.8,0.4,-0.6,-0.1,1,0.234429,0.071654,
0.8,-0.4,-0.8,0.4,0.8,0.4,-0.6,0.2,1,0.23902,0.0739091,
0.8,0.3,-1.5,0.4,0.8,0.4,-0.6,0.9,1,0.356878,0.152742,
0.8,-1.3,-0.3,0.4,0.8,0.4,-0.8,-0.5,1,0.399735,0.281356,
0.8,-0.2,-1.4,0.4,0.8,0.4,-0.8,0.6,1,0.416571,0.301373,
0.8,0.4,-1.6,0.4,0.8,0.4,-0.6,1,1,0.385959,0.178399,
0.8,-0.1,-1.3,0.4,0.8,0.4,-0.7,0.6,1,0.347694,0.18242,
0.8,0,-1.2,0.4,0.8,0.4,-0.6,0.6,1,0.288,0.101773,
0.8,-0.2,-1.2,0.4,0.8,0.4,-0.7,0.5,1,0.330857,0.167454,
0.8,0.2,-1.4,0.4,0.8,0.4,-0.6,0.8,1,0.330857,0.131868,
0.8,-0.8,-0.8,0.4,0.8,0.4,-0.8,0,1,0.361469,0.238924,
0.8,-0.6,-1,0.4,0.8,0.4,-0.8,0.2,1,0.367592,0.245427,
0.8,-0.4,-1,0.4,0.8,0.4,-0.7,0.3,1,0.306367,0.147155,
0.8,-0.5,-1.1,0.4,0.8,0.4,-0.8,0.3,1,0.375245,0.25371,
0.8,0.1,-1.5,0.4,0.8,0.4,-0.7,0.8,1,0.390551,0.22423,
0.8,-0.3,-1.3,0.4,0.8,0.4,-0.8,0.5,1,0.399735,0.281356,
0.8,-0.5,-0.7,0.4,0.8,0.4,-0.6,0.1,1,0.234429,0.071654,
0.8,0.2,-1.6,0.4,0.8,0.4,-0.7,0.9,1,0.416571,0.252216,
0.8,0.5,-1.9,0.4,0.8,0.4,-0.7,1.2,1,0.513,0.373073,
0.8,0.4,-1.8,0.4,0.8,0.4,-0.7,1.1,1,0.477796,0.325821,
0.8,0.3,-1.7,0.4,0.8,0.4,-0.7,1,1,0.445653,0.285821,
0.8,-0.6,-0.6,0.4,0.8,0.4,-0.6,0,1,0.232898,0.0709159,
0.8,0.6,-1.8,0.4,0.8,0.4,-0.6,1.2,1,0.453306,0.247242,
0.8,0,-1.4,0.4,0.8,0.4,-0.7,0.7,1,0.367592,0.201168,
0.8,0.5,-1.7,0.4,0.8,0.4,-0.6,1.1,1,0.418102,0.209613,
0.8,0.1,-1.3,0.4,0.8,0.4,-0.6,0.7,1,0.307898,0.115083,
0.8,-0.2,-1,0.4,0.8,0.4,-0.6,0.4,1,0.257388,0.0835418,
0.8,-0.3,-0.9,0.4,0.8,0.4,-0.6,0.3,1,0.246673,0.0778037,
0.8,-1.3,0.3,0.4,0.8,0.4,-0.5,-0.8,1,0.280347,0.0714254,
0.8,-0.3,-1.1,0.4,0.8,0.4,-0.7,0.4,1,0.317082,0.155821,
0.8,-1,0,0.4,0.8,0.4,-0.5,-0.5,1,0.220653,0.0456907,
0.8,-1.1,0.1,0.4,0.8,0.4,-0.5,-0.6,1,0.23749,0.0519016,
0.8,-0.9,-0.1,0.4,0.8,0.4,-0.5,-0.4,1,0.206878,0.0412214,
0.8,-1.2,0.2,0.4,0.8,0.4,-0.5,-0.7,1,0.257388,0.060303,
0.8,-0.7,-0.3,0.4,0.8,0.4,-0.5,-0.2,1,0.18851,0.0361193,
0.8,-0.5,-0.5,0.4,0.8,0.4,-0.5,0,1,0.182388,0.0346363,
0.8,-0.8,-0.2,0.4,0.8,0.4,-0.5,-0.3,1,0.196163,0.0381261,
0.8,-0.1,-0.9,0.4,0.8,0.4,-0.5,0.4,1,0.206878,0.0412214,
0.8,-0.2,-0.8,0.4,0.8,0.4,-0.5,0.3,1,0.196163,0.0381261,
0.8,0.1,-1.1,0.4,0.8,0.4,-0.5,0.6,1,0.23749,0.0519016,
0.8,-0.6,-0.4,0.4,0.8,0.4,-0.5,-0.1,1,0.183918,0.0349969,
0.8,-0.3,-0.7,0.4,0.8,0.4,-0.5,0.2,1,0.18851,0.0361193,
0.8,0.3,-1.3,0.4,0.8,0.4,-0.5,0.8,1,0.280347,0.0714254,
0.8,-0.4,-0.6,0.4,0.8,0.4,-0.5,0.1,1,0.183918,0.0349969,
0.8,-0.7,-0.1,0.4,0.8,0.4,-0.4,-0.3,1,0.154837,0.0213261,
0.8,-0.6,-0.2,0.4,0.8,0.4,-0.4,-0.2,1,0.147184,0.021003,
0.8,0,-1,0.4,0.8,0.4,-0.5,0.5,1,0.220653,0.0456907,
0.8,0.2,-1.2,0.4,0.8,0.4,-0.5,0.7,1,0.257388,0.060303,
0.8,0.6,-1.6,0.4,0.8,0.4,-0.5,1.1,1,0.367592,0.12765,
0.8,-1.2,0.4,0.4,0.8,0.4,-0.4,-0.8,1,0.23902,0.036105,
0.8,-0.3,-0.5,0.4,0.8,0.4,-0.4,0.1,1,0.142592,0.0208907,
0.8,0.4,-1.4,0.4,0.8,0.4,-0.5,0.9,1,0.306367,0.0858812,
0.8,0.7,-1.7,0.4,0.8,0.4,-0.5,1.2,1,0.402796,0.156596,
0.8,0,-0.8,0.4,0.8,0.4,-0.4,0.4,1,0.165551,0.0220642,
0.8,-0.6,0,0.4,0.8,0.4,-0.3,-0.3,1,0.122694,0.0213424,
0.8,0.1,-0.7,0.4,0.8,0.4,-0.3,0.4,1,0.133408,0.0200091,
0.8,-0.8,0,0.4,0.8,0.4,-0.4,-0.4,1,0.165551,0.0220642,
0.8,-0.2,-0.6,0.4,0.8,0.4,-0.4,0.2,1,0.147184,0.021003,
0.8,-0.5,-0.3,0.4,0.8,0.4,-0.4,-0.1,1,0.142592,0.0208907,
0.8,-0.1,-0.7,0.4,0.8,0.4,-0.4,0.3,1,0.154837,0.0213261,
0.8,-1.1,0.3,0.4,0.8,0.4,-0.4,-0.7,1,0.216061,0.0300336,
0.8,0.2,-1,0.4,0.8,0.4,-0.4,0.6,1,0.196163,0.0260098,
0.8,-0.3,-0.3,0.4,0.8,0.4,-0.3,0,1,0.108918,0.0235465,
0.8,0.2,-0.8,0.4,0.8,0.4,-0.3,0.5,1,0.147184,0.0187846,
0.8,-0.4,-0.4,0.4,0.8,0.4,-0.4,0,1,0.141061,0.0208669,
0.8,-0.9,0.1,0.4,0.8,0.4,-0.4,-0.5,1,0.179327,0.023503,
0.8,0.3,-1.1,0.4,0.8,0.4,-0.4,0.7,1,0.216061,0.0300336,
0.8,-1,0.2,0.4,0.8,0.4,-0.4,-0.6,1,0.196163,0.0260098,
0.8,0.5,-1.5,0.4,0.8,0.4,-0.5,1,1,0.335449,0.104364,
0.8,-0.5,-0.1,0.4,0.8,0.4,-0.3,-0.2,1,0.115041,0.0224989,
0.8,0.3,-0.9,0.4,0.8,0.4,-0.3,0.6,1,0.16402,0.0180363,
0.8,0.4,-1.2,0.4,0.8,0.4,-0.4,0.8,1,0.23902,0.036105,
0.8,0.8,-1.4,0.4,0.8,0.4,-0.3,1.1,1,0.294122,0.0400091,
0.8,0.8,-1.6,0.4,0.8,0.4,-0.4,1.2,1,0.361469,0.0943363,
0.8,-1.1,0.5,0.4,0.8,0.4,-0.3,-0.8,1,0.206878,0.0198459,
0.8,0.1,-0.9,0.4,0.8,0.4,-0.4,0.5,1,0.179327,0.023503,
0.8,0.5,-1.3,0.4,0.8,0.4,-0.4,0.9,1,0.265041,0.0448363,
0.8,0.6,-1.4,0.4,0.8,0.4,-0.4,1,1,0.294122,0.0569214,
0.8,-0.9,0.3,0.4,0.8,0.4,-0.3,-0.6,1,0.16402,0.0180363,
0.8,0,-0.6,0.4,0.8,0.4,-0.3,0.3,1,0.122694,0.0213424,
0.8,-1,0.4,0.4,0.8,0.4,-0.3,-0.7,1,0.183918,0.0182132,
0.8,0.4,-1,0.4,0.8,0.4,-0.3,0.7,1,0.183918,0.0182132,
0.8,-0.1,-0.5,0.4,0.8,0.4,-0.3,0.2,1,0.115041,0.0224989,
0.8,0.5,-1.1,0.4,0.8,0.4,-0.3,0.8,1,0.206878,0.0198459,
0.8,0.7,-1.5,0.4,0.8,0.4,-0.4,1.1,1,0.326265,0.0731356,
0.8,-0.7,0.1,0.4,0.8,0.4,-0.3,-0.4,1,0.133408,0.0200091,
0.8,-1,0.6,0.4,0.8,0.4,-0.2,-0.8,1,0.183918,0.0173214,
0.8,-0.2,-0.4,0.4,0.8,0.4,-0.3,0.1,1,0.110449,0.0232744,
0.8,-0.4,-0.2,0.4,0.8,0.4,-0.3,-0.1,1,0.110449,0.0232744,
0.8,0.6,-1.2,0.4,0.8,0.4,-0.3,0.9,1,0.232898,0.0235465,
0.8,-0.8,0.2,0.4,0.8,0.4,-0.3,-0.5,1,0.147184,0.0187846,
0.8,0.9,-1.5,0.4,0.8,0.4,-0.3,1.2,1,0.329327,0.0544037,
0.8,0.7,-1.3,0.4,0.8,0.4,-0.3,1,1,0.26198,0.0300091,
0.8,-0.9,0.5,0.4,0.8,0.4,-0.2,-0.7,1,0.160959,0.0195152,
0.8,-0.7,0.5,0.4,0.8,0.4,-0.1,-0.6,1,0.127286,0.0352731,
0.8,-0.8,0.4,0.4,0.8,0.4,-0.2,-0.6,1,0.141061,0.0226547,
0.8,0,0,0.4,0.8,0.4,0,0,1,0.0675918,0.0806873,
0.8,-0.6,0.2,0.4,0.8,0.4,-0.2,-0.4,3,0.110449,0.0297295,
0.8,-0.2,-0.2,0.4,0.8,0.4,-0.2,0,1,0.0859592,0.0373486,
0.8,-0.7,0.3,0.4,0.8,0.4,-0.2,-0.5,1,0.124224,0.0262091,
0.8,-0.4,0,0.4,0.8,0.4,-0.2,-0.2,1,0.0920816,0.0352805,
0.8,0.1,-0.5,0.4,0.8,0.4,-0.2,0.3,1,0.0997347,0.0328486,
0.8,-0.5,0.1,0.4,0.8,0.4,-0.2,-0.3,1,0.0997347,0.0328486,
0.8,-0.3,-0.1,0.4,0.8,0.4,-0.2,-0.1,1,0.0874898,0.0368214,
0.8,0,-0.4,0.4,0.8,0.4,-0.2,0.2,1,0.0920816,0.0352805,
0.8,-0.1,-0.3,0.4,0.8,0.4,-0.2,0.1,1,0.0874898,0.0368214,
0.8,0.2,-0.6,0.4,0.8,0.4,-0.2,0.4,1,0.110449,0.0297295,
0.8,0.6,-1,0.4,0.8,0.4,-0.2,0.8,1,0.183918,0.0173214,
0.8,0.5,-0.9,0.4,0.8,0.4,-0.2,0.7,1,0.160959,0.0195152,
0.8,0.4,-0.8,0.4,0.8,0.4,-0.2,0.6,1,0.141061,0.0226547,
0.8,0.3,-0.7,0.4,0.8,0.4,-0.2,0.5,1,0.124224,0.0262091,
0.8,-0.4,0.2,0.4,0.8,0.4,-0.1,-0.3,1,0.0859592,0.0512527,
0.8,0.7,-1.1,0.4,0.8,0.4,-0.2,0.9,1,0.209939,0.0166853,
0.8,0.8,-1.2,0.4,0.8,0.4,-0.2,1,1,0.23902,0.018301,
0.8,0.9,-1.3,0.4,0.8,0.4,-0.2,1.1,1,0.271163,0.0229438,
0.8,-0.9,0.7,0.4,0.8,0.4,-0.1,-0.8,1,0.170143,0.0239397,
0.8,-0.6,0.4,0.4,0.8,0.4,-0.1,-0.5,1,0.110449,0.0411846,
0.8,-0.8,0.6,0.4,0.8,0.4,-0.1,-0.7,1,0.147184,0.0293479,
0.8,-0.5,0.3,0.4,0.8,0.4,-0.1,-0.4,1,0.0966735,0.0466336,
0.8,-0.3,0.1,0.4,0.8,0.4,-0.1,-0.2,1,0.0783061,0.0547561,
0.8,-0.2,0,0.4,0.8,0.4,-0.1,-0.1,1,0.0737143,0.0569397,
0.8,-0.1,-0.1,0.4,0.8,0.4,-0.1,0,1,0.0721837,0.0576812,
0.8,0.3,-0.5,0.4,0.8,0.4,-0.1,0.4,1,0.0966735,0.0466336,
0.8,1,-1.4,0.4,0.8,0.4,-0.2,1.2,1,0.306367,0.031471,
0.8,0.1,-0.3,0.4,0.8,0.4,-0.1,0.2,1,0.0783061,0.0547561,
0.8,0,-0.2,0.4,0.8,0.4,-0.1,0.1,1,0.0737143,0.0569397,
0.8,0.7,-0.9,0.4,0.8,0.4,-0.1,0.8,1,0.170143,0.0239397,
0.8,0.9,-1.1,0.4,0.8,0.4,-0.1,1,1,0.225245,0.017205,
0.8,-0.4,0.4,0.4,0.8,0.4,0,-0.4,1,0.0920816,0.0668642,
0.8,0.2,-0.4,0.4,0.8,0.4,-0.1,0.3,1,0.0859592,0.0512527,
0.8,1.2,-1.2,0.4,0.8,0.4,0,1.2,1,0.288,0.0189731,
0.8,0.4,-0.6,0.4,0.8,0.4,-0.1,0.5,1,0.110449,0.0411846,
0.8,-0.2,0.2,0.4,0.8,0.4,0,-0.2,1,0.0737143,0.0770683,
0.8,-0.7,0.9,0.4,0.8,0.4,0.1,-0.8,1,0.170143,0.0499112,
0.8,0.2,-0.2,0.4,0.8,0.4,0,0.2,1,0.0737143,0.0770683,
0.8,1,-1.2,0.4,0.8,0.4,-0.1,1.1,1,0.257388,0.0173479,
0.8,1,-1,0.4,0.8,0.4,0,1,1,0.220653,0.0228642,
0.8,0.6,-0.8,0.4,0.8,0.4,-0.1,0.7,1,0.147184,0.0293479,
0.8,-0.7,0.7,0.4,0.8,0.4,0,-0.7,1,0.142592,0.043854,
0.8,0.6,-0.6,0.4,0.8,0.4,0,0.6,1,0.122694,0.0520343,
0.8,0.5,-0.7,0.4,0.8,0.4,-0.1,0.6,1,0.127286,0.0352731,
0.8,0.8,-1,0.4,0.8,0.4,-0.1,0.9,1,0.196163,0.0196608,
0.8,0.7,-0.7,0.4,0.8,0.4,0,0.7,1,0.142592,0.043854,
0.8,-0.3,0.3,0.4,0.8,0.4,0,-0.3,1,0.0813673,0.0726976,
0.8,-0.6,0.6,0.4,0.8,0.4,0,-0.6,1,0.122694,0.0520343,
0.8,-0.8,0.8,0.4,0.8,0.4,0,-0.8,1,0.165551,0.0358438,
0.8,1.1,-1.3,0.4,0.8,0.4,-0.1,1.2,1,0.292592,0.0209465,
0.8,0.4,-0.4,0.4,0.8,0.4,0,0.4,1,0.0920816,0.0668642,
0.8,0.5,-0.5,0.4,0.8,0.4,0,0.5,1,0.105857,0.059854,
0.8,-0.5,0.5,0.4,0.8,0.4,0,-0.5,1,0.105857,0.059854,
0.8,-0.6,0.8,0.4,0.8,0.4,0.1,-0.7,1,0.147184,0.0599112,
0.8,-0.1,0.1,0.4,0.8,0.4,0,-0.1,1,0.0691224,0.0797724,
0.8,0.3,-0.3,0.4,0.8,0.4,0,0.3,1,0.0813673,0.0726976,
0.8,0.8,-0.8,0.4,0.8,0.4,0,0.8,1,0.165551,0.0358438,
0.8,1.1,-1.1,0.4,0.8,0.4,0,1.1,1,0.252796,0.0193642,
0.8,-0.5,0.7,0.4,0.8,0.4,0.1,-0.6,1,0.127286,0.0698159,
0.8,0.9,-0.9,0.4,0.8,0.4,0,0.9,1,0.191571,0.0286159,
0.8,0.1,-0.1,0.4,0.8,0.4,0,0.1,1,0.0691224,0.0797724,
0.8,-0.4,0.6,0.4,0.8,0.4,0.1,-0.5,1,0.110449,0.0790948,
0.8,-0.3,0.5,0.4,0.8,0.4,0.1,-0.4,1,0.0966735,0.0872989,
0.8,-0.2,0.4,0.4,0.8,0.4,0.1,-0.3,3,0.0859592,0.0940608,
0.8,0.5,-0.3,0.4,0.8,0.4,0.1,0.4,1,0.0966735,0.0872989,
0.8,-0.1,0.3,0.4,0.8,0.4,0.1,-0.2,1,0.0783061,0.0990948,
0.8,0.1,0.1,0.4,0.8,0.4,0.1,0,7,0.0721837,0.103244,
0.8,0.4,-0.2,0.4,0.8,0.4,0.1,0.3,1,0.0859592,0.0940608,
0.8,0.3,-0.1,0.4,0.8,0.4,0.1,0.2,3,0.0783061,0.0990948,
0.8,0.2,0,0.4,0.8,0.4,0.1,0.1,1,0.0737143,0.102197,
0.8,0,0.2,0.4,0.8,0.4,0.1,-0.1,1,0.0737143,0.102197,
0.8,0.7,-0.5,0.4,0.8,0.4,0.1,0.6,1,0.127286,0.0698159,
0.8,0.6,-0.4,0.4,0.8,0.4,0.1,0.5,1,0.110449,0.0790948,
0.8,0.8,-0.6,0.4,0.8,0.4,0.1,0.7,1,0.147184,0.0599112,
0.8,1,-0.8,0.4,0.8,0.4,0.1,0.9,1,0.196163,0.0404282,
0.8,1.1,-0.9,0.4,0.8,0.4,0.1,1,1,0.225245,0.0321561,
0.8,0.9,-0.7,0.4,0.8,0.4,0.1,0.8,1,0.170143,0.0499112,
0.8,0.1,0.3,0.4,0.8,0.4,0.2,-0.1,2,0.0874898,0.121825,
0.8,1.3,-1.1,0.4,0.8,0.4,0.1,1.2,1,0.292592,0.0224282,
0.8,1.2,-1,0.4,0.8,0.4,0.1,1.1,1,0.257388,0.0258703,
0.8,-0.4,0.8,0.4,0.8,0.4,0.2,-0.6,1,0.141061,0.0862302,
0.8,0.5,-0.1,0.4,0.8,0.4,0.2,0.3,3,0.0997347,0.112955,
0.8,-0.6,1,0.4,0.8,0.4,0.2,-0.8,1,0.183918,0.063754,
0.8,-0.5,0.9,0.4,0.8,0.4,0.2,-0.7,1,0.160959,0.0751316,
0.8,-0.2,0.6,0.4,0.8,0.4,0.2,-0.4,3,0.110449,0.10555,
0.8,0.7,-0.3,0.4,0.8,0.4,0.2,0.5,1,0.124224,0.0965193,
0.8,-0.3,0.7,0.4,0.8,0.4,0.2,-0.5,3,0.124224,0.0965193,
0.8,-0.1,0.5,0.4,0.8,0.4,0.2,-0.3,3,0.0997347,0.112955,
0.8,0,0.4,0.4,0.8,0.4,0.2,-0.2,1,0.0920816,0.118448,
0.8,0.2,0.2,0.4,0.8,0.4,0.2,0,7,0.0859592,0.122965,
0.8,0.3,0.1,0.4,0.8,0.4,0.2,0.1,1,0.0874898,0.121825,
0.8,0.6,-0.2,0.4,0.8,0.4,0.2,0.4,1,0.110449,0.10555,
0.8,0.4,0,0.4,0.8,0.4,0.2,0.2,3,0.0920816,0.118448,
0.8,0.8,-0.4,0.4,0.8,0.4,0.2,0.6,1,0.141061,0.0862302,
0.8,1.3,-0.9,0.4,0.8,0.4,0.2,1.1,1,0.271163,0.0344785,
0.8,0.9,-0.5,0.4,0.8,0.4,0.2,0.7,1,0.160959,0.0751316,
0.8,1,-0.6,0.4,0.8,0.4,0.2,0.8,1,0.183918,0.063754,
0.8,1.1,-0.7,0.4,0.8,0.4,0.2,0.9,1,0.209939,0.0527098,
0.8,0,0.6,0.4,0.8,0.4,0.3,-0.3,3,0.122694,0.127726,
0.8,1.4,-1,0.4,0.8,0.4,0.2,1.2,1,0.306367,0.0289241,
0.8,0.4,0.2,0.4,0.8,0.4,0.3,0.1,2,0.110449,0.137005,
0.8,1.4,-0.8,0.4,0.8,0.4,0.3,1.1,1,0.294122,0.0435356,
0.8,1.5,-0.9,0.4,0.8,0.4,0.3,1.2,1,0.329327,0.0368078,
0.8,1.3,-0.7,0.4,0.8,0.4,0.3,1,1,0.26198,0.0528214,
0.8,0.3,0.3,0.4,0.8,0.4,0.3,0,7,0.108918,0.138196,
0.8,1.2,-0.8,0.4,0.8,0.4,0.2,1,1,0.23902,0.0426928,
0.8,-0.5,1.1,0.4,0.8,0.4,0.3,-0.8,1,0.206878,0.0757193,
0.8,-0.4,1,0.4,0.8,0.4,0.3,-0.7,3,0.183918,0.0878622,
0.8,-0.1,0.7,0.4,0.8,0.4,0.3,-0.4,3,0.133408,0.119964,
0.8,0.1,0.5,0.4,0.8,0.4,0.3,-0.2,1,0.115041,0.133474,
0.8,1.1,-0.5,0.4,0.8,0.4,0.3,0.8,1,0.206878,0.0757193,
0.8,1,-0.4,0.4,0.8,0.4,0.3,0.7,1,0.183918,0.0878622,
0.8,0.7,-0.1,0.4,0.8,0.4,0.3,0.4,1,0.133408,0.119964,
0.8,-0.3,0.9,0.4,0.8,0.4,0.3,-0.6,1,0.16402,0.0996241,
0.8,-0.4,1.2,0.4,0.8,0.4,0.4,-0.8,3,0.23902,0.0848887,
0.8,-0.2,0.8,0.4,0.8,0.4,0.3,-0.5,3,0.147184,0.110474,
0.8,0.9,-0.3,0.4,0.8,0.4,0.3,0.6,1,0.16402,0.0996241,
0.8,0.8,-0.2,0.4,0.8,0.4,0.3,0.5,3,0.147184,0.110474,
0.8,0.2,0.4,0.4,0.8,0.4,0.3,-0.1,2,0.110449,0.137005,
0.8,0.5,0.1,0.4,0.8,0.4,0.3,0.2,1,0.115041,0.133474,
0.8,0.6,0,0.4,0.8,0.4,0.3,0.3,7,0.122694,0.127726,
0.8,-0.3,1.1,0.4,0.8,0.4,0.4,-0.7,1,0.216061,0.0971846,
0.8,1.2,-0.6,0.4,0.8,0.4,0.3,0.9,1,0.232898,0.0638078,
0.8,-0.1,0.9,0.4,0.8,0.4,0.4,-0.5,1,0.179327,0.120042,
0.8,-0.2,1,0.4,0.8,0.4,0.4,-0.6,1,0.196163,0.109079,
0.8,0,0.8,0.4,0.8,0.4,0.4,-0.4,1,0.165551,0.129623,
0.8,0.1,0.7,0.4,0.8,0.4,0.4,-0.3,3,0.154837,0.137457,
0.8,0.2,0.6,0.4,0.8,0.4,0.4,-0.2,2,0.147184,0.143256,
0.8,0.3,0.5,0.4,0.8,0.4,0.4,-0.1,1,0.142592,0.146817,
0.8,0.4,0.4,0.4,0.8,0.4,0.4,0,3,0.141061,0.148018,
0.8,0.5,0.3,0.4,0.8,0.4,0.4,0.1,2,0.142592,0.146817,
0.8,0.6,0.2,0.4,0.8,0.4,0.4,0.2,1,0.147184,0.143256,
0.8,0.7,0.1,0.4,0.8,0.4,0.4,0.3,2,0.154837,0.137457,
0.8,0.8,0,0.4,0.8,0.4,0.4,0.4,7,0.165551,0.129623,
0.8,0.9,-0.1,0.4,0.8,0.4,0.4,0.5,7,0.179327,0.120042,
0.8,1,-0.2,0.4,0.8,0.4,0.4,0.6,3,0.196163,0.109079,
0.8,1.1,-0.3,0.4,0.8,0.4,0.4,0.7,1,0.216061,0.0971846,
0.8,1.2,-0.4,0.4,0.8,0.4,0.4,0.8,1,0.23902,0.0848887,
0.8,1.3,-0.5,0.4,0.8,0.4,0.4,0.9,1,0.265041,0.0728037,
0.8,1.4,-0.6,0.4,0.8,0.4,0.4,1,1,0.294122,0.0616234,
0.8,1.5,-0.7,0.4,0.8,0.4,0.4,1.1,1,0.326265,0.0521234,
0.8,-0.2,1.2,0.4,0.8,0.4,0.5,-0.7,1,0.257388,0.102915,
0.8,1.6,-0.8,0.4,0.8,0.4,0.4,1.2,1,0.361469,0.0451608,
0.8,0.2,0.8,0.4,0.8,0.4,0.5,-0.3,3,0.196163,0.141963,
0.8,-0.1,1.1,0.4,0.8,0.4,0.5,-0.6,1,0.23749,0.114412,
0.8,0.4,0.6,0.4,0.8,0.4,0.5,-0.1,2,0.183918,0.151079,
0.8,0.1,0.9,0.4,0.8,0.4,0.5,-0.4,7,0.206878,0.134344,
0.8,-0.3,1.3,0.4,0.8,0.4,0.5,-0.8,1,0.280347,0.0910785,
0.8,0,1,0.4,0.8,0.4,0.5,-0.5,1,0.220653,0.125038,
0.8,0.6,0.4,0.4,0.8,0.4,0.5,0.1,2,0.183918,0.151079,
0.8,0.5,0.5,0.4,0.8,0.4,0.5,0,1,0.182388,0.152249,
0.8,0.7,0.3,0.4,0.8,0.4,0.5,0.2,2,0.18851,0.147609,
0.8,0.3,0.7,0.4,0.8,0.4,0.5,-0.2,7,0.18851,0.147609,
0.8,1.1,-0.1,0.4,0.8,0.4,0.5,0.6,3,0.23749,0.114412,
0.8,1.2,-0.2,0.4,0.8,0.4,0.5,0.7,1,0.257388,0.102915,
0.8,0.9,0.1,0.4,0.8,0.4,0.5,0.4,7,0.206878,0.134344,
0.8,1.7,-0.7,0.4,0.8,0.4,0.5,1.2,1,0.402796,0.0537996,
0.8,1,0,0.4,0.8,0.4,0.5,0.5,1,0.220653,0.125038,
0.8,0.8,0.2,0.4,0.8,0.4,0.5,0.3,2,0.196163,0.141963,
0.8,1.5,-0.5,0.4,0.8,0.4,0.5,1,1,0.335449,0.0689152,
0.8,1.6,-0.6,0.4,0.8,0.4,0.5,1.1,1,0.367592,0.0600581,
0.8,1.3,-0.3,0.4,0.8,0.4,0.5,0.8,1,0.280347,0.0910785,
0.8,-0.2,1.4,0.4,0.8,0.4,0.6,-0.8,3,0.330857,0.0948397,
0.8,1.4,-0.4,0.4,0.8,0.4,0.5,0.9,1,0.306367,0.0795139,
0.8,0.4,0.8,0.4,0.8,0.4,0.6,-0.2,3,0.23902,0.147085,
0.8,0,1.2,0.4,0.8,0.4,0.6,-0.6,1,0.288,0.116173,
0.8,0.5,0.7,0.4,0.8,0.4,0.6,-0.1,2,0.234429,0.15034,
0.8,0.7,0.5,0.4,0.8,0.4,0.6,0.1,1,0.234429,0.15034,
0.8,0.1,1.1,0.4,0.8,0.4,0.6,-0.5,2,0.271163,0.126013,
0.8,-0.1,1.3,0.4,0.8,0.4,0.6,-0.7,3,0.307898,0.105605,
0.8,1.1,0.1,0.4,0.8,0.4,0.6,0.5,1,0.271163,0.126013,
0.8,0.3,0.9,0.4,0.8,0.4,0.6,-0.3,2,0.246673,0.141796,
0.8,0.2,1,0.4,0.8,0.4,0.6,-0.4,3,0.257388,0.134676,
0.8,0.8,0.4,0.4,0.8,0.4,0.6,0.2,2,0.23902,0.147085,
0.8,0.6,0.6,0.4,0.8,0.4,0.6,0,2,0.232898,0.151438,
0.8,1,0.2,0.4,0.8,0.4,0.6,0.4,1,0.257388,0.134676,
0.8,1.4,-0.2,0.4,0.8,0.4,0.6,0.8,1,0.330857,0.0948397,
0.8,0.9,0.3,0.4,0.8,0.4,0.6,0.3,2,0.246673,0.141796,
0.8,1.3,-0.1,0.4,0.8,0.4,0.6,0.7,1,0.307898,0.105605,
0.8,0.1,1.3,0.4,0.8,0.4,0.7,-0.6,2,0.347694,0.115649,
0.8,1.7,-0.5,0.4,0.8,0.4,0.6,1.1,1,0.418102,0.0678907,
0.8,1.2,0,0.4,0.8,0.4,0.6,0.6,2,0.288,0.116173,
0.8,1.5,-0.3,0.4,0.8,0.4,0.6,0.9,3,0.356878,0.0844894,
0.8,1.8,-0.6,0.4,0.8,0.4,0.6,1.2,1,0.453306,0.0632751,
0.8,-0.1,1.5,0.4,0.8,0.4,0.7,-0.8,3,0.390551,0.0974581,
0.8,1.6,-0.4,0.4,0.8,0.4,0.6,1,1,0.385959,0.0752479,
0.8,0,1.4,0.4,0.8,0.4,0.7,-0.7,1,0.367592,0.10654,
0.8,0.2,1.2,0.4,0.8,0.4,0.7,-0.5,1,0.330857,0.124254,
0.8,0.3,1.1,0.4,0.8,0.4,0.7,-0.4,2,0.317082,0.131907,
0.8,0.4,1,0.4,0.8,0.4,0.7,-0.3,2,0.306367,0.13824,
0.8,0.5,0.9,0.4,0.8,0.4,0.7,-0.2,1,0.298714,0.142968,
0.8,0.9,0.5,0.4,0.8,0.4,0.7,0.2,2,0.298714,0.142968,
0.8,0.6,0.8,0.4,0.8,0.4,0.7,-0.1,7,0.294122,0.145887,
0.8,0.7,0.7,0.4,0.8,0.4,0.7,0,1,0.292592,0.146873,
0.8,1.1,0.3,0.4,0.8,0.4,0.7,0.4,1,0.317082,0.131907,
0.8,0.8,0.6,0.4,0.8,0.4,0.7,0.1,7,0.294122,0.145887,
0.8,1.2,0.2,0.4,0.8,0.4,0.7,0.5,2,0.330857,0.124254,
0.8,1,0.4,0.4,0.8,0.4,0.7,0.3,1,0.306367,0.13824,
0.8,1.3,0.1,0.4,0.8,0.4,0.7,0.6,1,0.347694,0.115649,
0.8,1.5,-0.1,0.4,0.8,0.4,0.7,0.8,1,0.390551,0.0974581,
0.8,1.6,-0.2,0.4,0.8,0.4,0.7,0.9,7,0.416571,0.0890159,
0.8,1.7,-0.3,0.4,0.8,0.4,0.7,1,1,0.445653,0.0819071,
0.8,1.8,-0.4,0.4,0.8,0.4,0.7,1.1,3,0.477796,0.0769071,
0.8,1.4,0,0.4,0.8,0.4,0.7,0.7,3,0.367592,0.10654,
0.8,1.9,-0.5,0.4,0.8,0.4,0.7,1.2,1,0.513,0.0748731,
0.8,0.2,1.4,0.4,0.8,0.4,0.8,-0.6,1,0.416571,0.114859,
0.8,0.4,1.2,0.4,0.8,0.4,0.8,-0.4,2,0.385959,0.128056,
0.8,0,1.6,0.4,0.8,0.4,0.8,-0.8,2,0.459429,0.100954,
0.8,0.1,1.5,0.4,0.8,0.4,0.8,-0.7,7,0.436469,0.10774,
0.8,0.3,1.3,0.4,0.8,0.4,0.8,-0.5,7,0.399735,0.121781,
0.8,0.5,1.1,0.4,0.8,0.4,0.8,-0.3,2,0.375245,0.133318,
0.8,0.7,0.9,0.4,0.8,0.4,0.8,-0.1,2,0.363,0.13974,
0.8,1.6,0,0.4,0.8,0.4,0.8,0.8,7,0.459429,0.100954,
0.8,1,0.6,0.4,0.8,0.4,0.8,0.2,3,0.367592,0.137281,
0.8,1.7,-0.1,0.4,0.8,0.4,0.8,0.9,3,0.485449,0.0951139,
0.8,1.3,0.3,0.4,0.8,0.4,0.8,0.5,1,0.399735,0.121781,
0.8,0.8,0.8,0.4,0.8,0.4,0.8,0,7,0.361469,0.140573,
0.8,0.9,0.7,0.4,0.8,0.4,0.8,0.1,2,0.363,0.13974,
0.8,1.1,0.5,0.4,0.8,0.4,0.8,0.3,2,0.375245,0.133318,
0.8,0.6,1,0.4,0.8,0.4,0.8,-0.2,7,0.367592,0.137281,
0.8,1.2,0.4,0.4,0.8,0.4,0.8,0.4,1,0.385959,0.128056,
0.8,1.5,0.1,0.4,0.8,0.4,0.8,0.7,1,0.436469,0.10774,
0.8,0.2,1.6,0.4,0.8,0.4,0.9,-0.7,1,0.514531,0.11196,
0.8,0.5,1.3,0.4,0.8,0.4,0.9,-0.4,1,0.46402,0.125879,
0.8,1.8,-0.2,0.4,0.8,0.4,0.8,1,1,0.514531,0.0909132,
0.8,1.4,0.2,0.4,0.8,0.4,0.8,0.6,2,0.416571,0.114859,
0.8,2,-0.4,0.4,0.8,0.4,0.8,1.2,3,0.581878,0.0906139,
0.8,1.9,-0.3,0.4,0.8,0.4,0.8,1.1,1,0.546673,0.0891275,
0.8,1.3,0.5,0.4,0.8,0.4,0.9,0.4,3,0.46402,0.125879,
0.8,0.3,1.5,0.4,0.8,0.4,0.9,-0.6,2,0.494633,0.116559,
0.8,0.1,1.7,0.4,0.8,0.4,0.9,-0.8,2,0.53749,0.108083,
0.8,0.4,1.4,0.4,0.8,0.4,0.9,-0.5,1,0.477796,0.121348,
0.8,0.6,1.2,0.4,0.8,0.4,0.9,-0.3,2,0.453306,0.129783,
0.8,0.9,0.9,0.4,0.8,0.4,0.9,0,2,0.439531,0.135293,
0.8,0.7,1.1,0.4,0.8,0.4,0.9,-0.2,2,0.445653,0.132776,
0.8,0.8,1,0.4,0.8,0.4,0.9,-0.1,7,0.441061,0.134654,
0.8,1.6,0.2,0.4,0.8,0.4,0.9,0.7,2,0.514531,0.11196,
0.8,2.1,-0.3,0.4,0.8,0.4,0.9,1.2,1,0.659939,0.113253,
0.8,1,0.8,0.4,0.8,0.4,0.9,0.1,2,0.441061,0.134654,
0.8,1.2,0.6,0.4,0.8,0.4,0.9,0.3,2,0.453306,0.129783,
0.8,1.1,0.7,0.4,0.8,0.4,0.9,0.2,7,0.445653,0.132776,
0.8,1.5,0.3,0.4,0.8,0.4,0.9,0.6,1,0.494633,0.116559,
0.8,0.5,1.5,0.4,0.8,0.4,1,-0.5,2,0.565041,0.126446,
0.8,1.4,0.4,0.4,0.8,0.4,0.9,0.5,2,0.477796,0.121348,
0.8,1.9,-0.1,0.4,0.8,0.4,0.9,1,1,0.592592,0.105021,
0.8,1.7,0.1,0.4,0.8,0.4,0.9,0.8,1,0.53749,0.108083,
0.8,1.8,0,0.4,0.8,0.4,0.9,0.9,7,0.56351,0.105538,
0.8,0.3,1.7,0.4,0.8,0.4,1,-0.7,2,0.601776,0.122691,
0.8,0.2,1.8,0.4,0.8,0.4,1,-0.8,2,0.624735,0.122334,
0.8,2,-0.2,0.4,0.8,0.4,0.9,1.1,1,0.624735,0.107307,
0.8,0.6,1.4,0.4,0.8,0.4,1,-0.4,7,0.551265,0.128864,
0.8,0.4,1.6,0.4,0.8,0.4,1,-0.6,7,0.581878,0.124238,
0.8,0.7,1.3,0.4,0.8,0.4,1,-0.3,2,0.540551,0.131126,
0.8,1.2,1.2,0.4,0.8,0.4,1.2,0,7,0.728816,0.164149,
0.8,1,1,0.4,0.8,0.4,1,0,7,0.526776,0.134524,
0.8,1.5,0.9,0.4,0.8,0.4,1.2,0.3,7,0.742592,0.166077,
0.8,1,1.4,0.4,0.8,0.4,1.2,-0.2,2,0.734939,0.164938,
0.8,2.2,0,0.4,0.8,0.4,1.1,1.1,1,0.808408,0.176238,
0.8,1.4,0.6,0.4,0.8,0.4,1,0.4,2,0.551265,0.128864,
0.8,1.8,0.6,0.4,0.8,0.4,1.2,0.6,2,0.783918,0.175169,
0.8,1.3,0.9,0.4,0.8,0.4,1.1,0.2,2,0.629327,0.142013,
0.8,1.9,0.3,0.4,0.8,0.4,1.1,0.8,3,0.721163,0.147932,
0.8,0.4,2,0.4,0.8,0.4,1.2,-0.8,1,0.826776,0.189836,
0.8,1.7,0.7,0.4,0.8,0.4,1.2,0.5,2,0.767082,0.170866,
0.8,0.9,1.3,0.4,0.8,0.4,1.1,-0.2,7,0.629327,0.142013,
0.8,0.8,1.2,0.4,0.8,0.4,1,-0.2,7,0.532898,0.132946,
0.8,1.1,1.1,0.4,0.8,0.4,1.1,0,7,0.623204,0.142489,
0.8,2.3,0.1,0.4,0.8,0.4,1.2,1.1,1,0.91402,0.236172,
0.8,2.4,0,0.4,0.8,0.4,1.2,1.2,2,0.949224,0.261128,
0.8,0.6,1.6,0.4,0.8,0.4,1.1,-0.5,1,0.661469,0.141299,
0.8,0.7,1.7,0.4,0.8,0.4,1.2,-0.5,7,0.767082,0.170866,
0.8,0.4,1.8,0.4,0.8,0.4,1.1,-0.7,7,0.698204,0.144156,
0.8,1.8,0.2,0.4,0.8,0.4,1,0.8,1,0.624735,0.122334,
0.8,1.1,1.3,0.4,0.8,0.4,1.2,-0.1,7,0.730347,0.164336,
0.8,2,0.2,0.4,0.8,0.4,1.1,0.9,1,0.747184,0.154061,
0.8,1.7,0.5,0.4,0.8,0.4,1.1,0.6,1,0.678306,0.142122,
0.8,1.6,0.8,0.4,0.8,0.4,1.2,0.4,2,0.753306,0.167958,
0.8,1.9,0.1,0.4,0.8,0.4,1,0.9,1,0.650755,0.123779,
0.8,2.2,-0.2,0.4,0.8,0.4,1,1.2,1,0.747184,0.146279,
0.8,1.4,0.8,0.4,0.8,0.4,1.1,0.3,2,0.63698,0.141571,
0.8,1.3,0.7,0.4,0.8,0.4,1,0.3,2,0.540551,0.131126,
0.8,1.5,0.7,0.4,0.8,0.4,1.1,0.4,2,0.647694,0.141238,
0.8,0.9,1.1,0.4,0.8,0.4,1,-0.1,7,0.528306,0.134119,
0.8,2,0.4,0.4,0.8,0.4,1.2,0.8,2,0.826776,0.189836,
0.8,2.1,0.3,0.4,0.8,0.4,1.2,0.9,1,0.852796,0.201342,
0.8,2.1,-0.1,0.4,0.8,0.4,1,1.1,1,0.71198,0.134936,
0.8,2.1,0.1,0.4,0.8,0.4,1.1,1,1,0.776265,0.163238,
0.8,0.6,1.8,0.4,0.8,0.4,1.2,-0.6,7,0.783918,0.175169,
0.8,1.9,0.5,0.4,0.8,0.4,1.2,0.7,1,0.803816,0.181315,
0.8,1.1,0.9,0.4,0.8,0.4,1,0.1,2,0.528306,0.134119,
0.8,1.8,0.4,0.4,0.8,0.4,1.1,0.7,2,0.698204,0.144156,
0.8,0.8,1.6,0.4,0.8,0.4,1.2,-0.4,7,0.753306,0.167958,
0.8,0.5,1.7,0.4,0.8,0.4,1.1,-0.6,7,0.678306,0.142122,
0.8,1.2,0.8,0.4,0.8,0.4,1,0.2,7,0.532898,0.132946,
0.8,1.6,0.6,0.4,0.8,0.4,1.1,0.5,3,0.661469,0.141299,
0.8,0.9,1.5,0.4,0.8,0.4,1.2,-0.3,2,0.742592,0.166077,
0.8,1.3,1.1,0.4,0.8,0.4,1.2,0.1,7,0.730347,0.164336,
0.8,1,1.2,0.4,0.8,0.4,1.1,-0.1,2,0.624735,0.14236,
0.8,1.4,1,0.4,0.8,0.4,1.2,0.2,7,0.734939,0.164938,
0.8,2.2,0.2,0.4,0.8,0.4,1.2,1,1,0.881878,0.21653,
0.8,1.2,1,0.4,0.8,0.4,1.1,0.1,7,0.624735,0.14236,
0.8,0.8,1.4,0.4,0.8,0.4,1.1,-0.3,7,0.63698,0.141571,
0.8,0.7,1.5,0.4,0.8,0.4,1.1,-0.4,7,0.647694,0.141238,
0.8,1.6,0.4,0.4,0.8,0.4,1,0.6,7,0.581878,0.124238,
0.8,1.7,0.3,0.4,0.8,0.4,1,0.7,3,0.601776,0.122691,
0.8,1.5,0.5,0.4,0.8,0.4,1,0.5,1,0.565041,0.126446,
0.8,2.3,-0.1,0.4,0.8,0.4,1.1,1.2,3,0.843612,0.193918,
0.8,0.5,1.9,0.4,0.8,0.4,1.2,-0.7,7,0.803816,0.181315,
0.8,2,0,0.4,0.8,0.4,1,1,1,0.679837,0.127721,
0.8,0.3,1.9,0.4,0.8,0.4,1.1,-0.8,2,0.721163,0.147932,
