41	4	3	3	3	3	3	3	3	4	4	
11	4	4	4	4	4	3	2	4	4	4	
18	4	4	4	4	4	4	4	4	3	4	
23	5	5	4	4	4	4	4	4	3	4	
10	4	5	5	5	5	5	4	4	4	4	
7	4	4	4	4	4	4	4	4	3	4	
22	2	2	2	2	2	2	3	3	3	4	
33	3	3	3	3	3	3	3	3	4	3	
15	4	4	4	4	4	3	3	3	5	4	
24	4	4	4	4	4	4	3	4	6	5	
50	4	4	4	4	4	4	4	4	4	4	
19	4	4	4	4	4	5	5	4	4	4	
45	5	5	5	5	4	4	3	4	4	4	
12	3	3	3	3	3	3	3	2	3	4	
6	4	4	4	4	4	4	3	4	5	5	
32	4	4	4	4	4	4	4	3	3	4	
28	3	3	3	3	3	3	3	4	3	3	
38	3	3	3	3	3	4	4	3	4	4	
3	4	4	4	4	4	4	4	3	3	4	
47	4	4	4	4	4	4	3	3	4	4	
42	5	5	5	6	6	4	4	3	5	4	
14	5	5	4	4	4	3	3	4	4	3	
17	4	4	4	4	4	4	4	4	6	5	
27	4	4	4	4	4	5	5	4	4	5	
30	4	4	4	4	4	5	3	3	3	4	
31	3	3	3	3	3	3	3	3	3	4	
35	4	4	4	4	4	4	4	3	5	4	
29	3	3	3	3	3	3	3	4	3	4	
37	4	4	4	4	4	4	4	4	4	4	
44	4	4	4	4	4	4	4	3	4	3	
1	3	3	3	3	3	3	3	4	4	5	
20	5	5	3	3	4	4	3	3	2	4	
39	4	4	4	3	3	3	3	4	4	4	
4	3	3	3	3	3	3	3	4	4	3	
34	4	4	4	4	4	4	4	3	5	5	
25	3	3	3	3	3	3	3	3	5	4	
36	4	4	4	4	4	4	3	3	4	5	
26	4	4	4	4	4	4	4	6	4	3	
43	4	4	4	4	3	3	3	4	4	4	
21	4	4	4	4	4	4	4	4	4	4	
9	4	4	4	4	4	4	4	4	4	4	
46	4	4	5	5	5	4	4	5	4	4	
40	4	4	4	4	4	4	4	4	4	4	
48	5	4	4	4	4	4	4	4	5	4	
16	3	3	3	3	3	3	3	4	5	4	
13	4	4	4	4	4	4	4	4	4	4	
8	3	3	3	3	3	3	3	3	4	3	
49	4	4	4	4	4	4	3	3	4	5	
5	4	4	4	4	4	4	4	4	4	2	
2	4	4	4	4	4	5	4	4	4	3	
52	5	5	5	4	4	5	5	4	5	3	
51	4	4	4	4	4	4	4	4	4	4	
53	4	4	4	4	4	4	3	4	5	4	
56	3	3	3	3	3	4	3	3	3	4	
57	4	4	4	4	4	4	4	4	5	4	
59	4	4	4	4	4	4	5	3	4	4	
63	3	3	3	3	3	3	4	3	4	3	
60	5	5	4	4	4	4	4	4	4	4	
58	3	3	3	3	3	2	2	2	3	3	
84	4	4	5	4	4	4	3	4	3	4	
54	4	4	4	4	3	3	4	4	4	5	
73	4	4	4	4	4	4	4	4	4	4	
55	4	4	4	4	4	4	4	4	5	4	
74	4	4	5	4	4	4	4	4	4	5	
62	4	4	4	4	4	5	5	4	4	4	
78	4	4	4	4	4	4	4	5	3	3	
68	4	4	4	4	4	4	4	3	4	4	
61	4	4	4	4	4	3	4	4	3	4	
76	5	5	5	6	5	4	4	4	5	4	
82	4	4	4	4	4	4	4	4	3	5	
83	4	4	4	4	4	4	4	5	4	5	
71	3	3	3	3	3	3	3	4	4	3	
75	4	4	4	4	4	4	4	4	4	3	
65	3	3	3	3	3	3	3	3	4	4	
66	4	4	4	4	4	3	4	4	3	4	
64	3	3	3	3	3	3	3	4	4	4	
67	3	3	3	3	3	3	3	4	4	5	
85	3	3	3	3	3	3	3	3	3	4	
79	4	4	4	4	4	4	3	3	3	4	
69	3	3	3	3	3	4	3	4	5	3	
81	3	3	3	3	3	3	4	4	4	4	
87	3	3	3	3	3	3	3	3	3	5	
72	3	3	3	3	3	3	3	3	3	4	
80	2	2	2	2	2	2	2	2	3	4	
70	3	3	3	3	3	3	3	3	5	3	
77	4	4	4	4	4	2	4	3	4	4	
89	4	4	4	4	4	4	4	4	4	5	
86	4	4	4	4	3	3	3	3	3	4	
88	3	3	3	3	3	3	3	3	4	4	
93	4	4	4	4	4	4	4	2	4	2	
91	4	4	4	4	4	4	4	4	4	4	
90	4	4	4	4	4	4	4	4	3	4	
100	4	4	4	4	4	5	5	3	3	4	
99	5	5	5	5	5	5	4	4	4	4	
96	4	4	4	4	4	4	3	4	4	3	
95	3	3	3	3	3	3	4	4	4	4	
92	4	3	3	3	3	3	3	3	3	4	
97	5	5	5	5	4	4	3	3	4	4	
102	3	3	3	3	3	3	3	3	3	4	
94	3	3	3	3	3	3	4	4	3	4	
103	4	4	4	4	4	4	4	3	4	5	
98	4	4	4	4	4	4	4	4	4	4	
108	4	4	4	4	4	4	3	4	4	4	
101	4	4	4	4	4	4	5	4	4	4	
111	3	3	3	3	3	3	3	3	3	4	
106	4	4	4	4	4	4	3	4	5	4	
112	4	4	4	4	4	4	4	4	4	5	
113	2	2	2	2	2	2	3	3	4	4	
104	4	4	4	4	4	4	4	3	4	4	
105	5	5	5	4	4	4	4	4	4	3	
119	4	4	4	4	4	4	4	3	4	4	
114	3	3	3	3	3	3	3	4	4	4	
122	3	3	3	3	3	3	3	3	3	4	
121	4	4	4	4	4	4	4	5	4	4	
107	4	4	4	4	4	4	5	4	4	4	
109	4	4	4	4	4	4	4	4	3	3	
120	4	4	4	4	4	4	4	4	4	3	
110	3	3	3	3	3	3	3	3	4	4	
124	4	4	4	4	4	4	4	4	3	4	
116	4	4	4	4	4	3	3	2	3	4	
139	4	4	4	4	4	4	4	5	5	4	
117	4	4	4	4	4	4	4	4	5	4	
118	4	4	4	4	4	4	3	4	4	4	
140	4	4	4	5	4	5	4	4	5	3	
115	4	3	3	3	3	3	4	4	4	3	
126	4	4	4	4	4	4	5	4	3	3	
133	4	4	4	4	4	4	4	4	4	4	
125	3	3	3	3	3	3	3	4	4	4	
131	5	5	4	4	4	5	4	4	5	4	
129	3	3	3	3	3	3	3	4	3	4	
130	4	4	4	4	4	4	4	4	4	4	
123	3	3	3	3	3	3	3	4	4	4	
148	4	4	4	5	4	5	4	5	3	5	
128	4	4	4	4	4	4	4	4	4	4	
127	2	2	2	2	2	2	3	4	3	4	
132	3	3	3	3	3	3	3	3	4	4	
151	4	5	5	4	4	4	4	4	4	4	
135	4	4	4	5	5	5	4	4	3	3	
137	3	3	3	3	3	3	3	3	4	4	
147	4	4	4	4	4	4	4	4	4	4	
134	4	4	4	4	4	4	4	4	5	5	
136	4	4	4	4	4	4	4	4	4	4	
153	4	4	4	4	4	4	4	4	4	3	
138	4	4	4	4	4	4	4	3	4	4	
145	4	4	4	4	4	4	4	4	3	4	
142	4	4	4	4	4	4	4	4	4	3	
144	5	5	5	4	4	4	4	4	6	4	
141	4	4	4	4	4	4	4	4	4	4	
155	4	3	3	3	2	2	3	4	3	3	
143	4	4	4	4	4	4	4	4	4	5	
152	4	4	4	4	4	5	5	4	4	5	
156	3	3	3	3	3	3	3	3	4	4	
157	4	4	4	4	4	4	4	5	5	4	
146	4	4	4	4	4	4	4	4	4	3	
150	5	5	5	5	4	3	3	3	4	4	
149	5	5	5	5	5	4	4	4	4	4	
162	4	4	4	4	4	4	4	3	5	4	
159	3	3	3	3	3	3	3	2	3	4	
165	4	4	4	4	4	4	4	5	4	5	
164	4	4	4	4	5	4	4	4	4	4	
154	3	3	3	3	3	3	3	3	3	5	
168	3	3	3	3	3	3	4	4	4	4	
160	3	3	3	4	4	4	3	3	3	4	
158	3	3	3	3	3	3	3	3	3	4	
169	4	4	4	4	4	4	4	4	4	4	
163	4	4	4	4	4	4	4	5	4	4	
161	5	5	5	4	4	4	4	4	4	3	
167	5	5	5	5	5	4	3	4	4	4	
176	4	4	4	4	4	3	3	5	5	4	
171	4	4	4	4	4	3	3	3	4	3	
193	4	4	4	4	3	3	3	3	5	4	
180	4	4	4	4	4	4	4	3	3	3	
166	4	4	4	4	4	4	4	3	4	4	
170	4	4	4	4	4	4	3	3	4	4	
173	4	4	4	4	4	4	4	5	4	4	
188	2	2	2	2	2	2	2	2	2	3	
189	4	5	5	5	5	4	4	4	4	3	
181	5	5	5	5	4	4	4	4	3	4	
174	4	4	4	4	4	4	4	3	4	6	
172	5	5	5	5	5	5	4	4	4	3	
175	3	3	3	3	3	3	3	4	4	4	
179	4	4	4	4	4	4	5	4	3	4	
196	3	3	3	3	3	3	3	4	4	4	
200	3	3	3	3	3	3	3	3	4	3	
199	3	3	3	3	3	3	3	4	4	3	
183	5	5	5	4	4	4	4	4	4	4	
198	4	4	4	4	4	4	4	4	3	5	
177	4	4	4	4	3	3	3	4	4	5	
184	4	4	4	4	4	4	4	4	4	2	
178	4	4	4	4	4	4	4	4	4	4	
186	2	2	2	2	2	2	2	3	3	4	
191	4	4	4	4	4	4	4	3	3	4	
182	4	4	4	4	4	4	4	4	5	4	
187	5	5	5	5	5	5	4	4	4	4	
192	4	4	4	4	4	4	3	3	3	4	
205	4	4	4	4	4	4	3	4	4	4	
185	3	3	2	2	2	2	2	2	4	3	
190	3	3	3	3	3	3	3	4	4	4	
201	4	4	4	4	4	4	3	3	3	4	
194	3	3	3	3	3	3	3	3	2	3	
197	3	3	3	3	3	3	5	4	4	4	
208	4	4	4	4	4	4	4	5	4	4	
207	4	4	4	4	4	4	3	4	3	4	
195	4	4	4	4	3	3	4	3	4	5	
210	4	4	4	4	4	4	4	4	4	3	
203	2	2	2	2	2	2	2	2	2	4	
215	4	4	4	4	4	4	4	4	4	4	
212	4	4	4	4	4	4	4	4	3	4	
204	3	4	4	4	4	3	3	3	3	3	
202	4	4	4	4	4	4	5	4	3	5	
206	4	4	4	4	4	4	4	3	3	3	
209	4	5	5	5	5	4	4	4	2	3	
218	4	4	4	4	4	4	4	4	4	4	
211	4	4	4	4	4	4	4	4	4	4	
221	3	3	3	3	3	3	4	3	3	3	
213	5	5	5	5	5	5	5	4	4	4	
214	4	4	4	4	4	4	4	4	4	5	
224	4	4	4	4	4	3	3	3	3	4	
216	3	3	3	3	3	3	3	4	3	4	
226	3	3	3	3	3	3	3	3	4	4	
227	3	3	3	3	3	3	3	5	4	4	
217	3	3	3	3	3	3	3	4	3	4	
228	4	4	4	3	4	4	4	4	4	3	
219	4	4	4	4	4	4	4	4	4	4	
220	4	4	4	4	4	4	4	4	4	4	
225	3	3	3	3	3	3	2	2	2	4	
222	4	4	4	4	4	4	4	3	4	4	
237	4	4	4	4	4	4	4	4	2	4	
231	4	4	4	4	4	4	3	3	4	4	
234	4	4	4	4	4	5	4	4	4	3	
223	4	4	4	4	4	4	4	4	4	3	
229	3	3	3	3	3	3	3	4	4	4	
245	4	4	4	4	4	4	4	4	4	4	
230	4	4	4	4	5	5	5	4	6	4	
236	3	3	3	3	3	3	3	4	4	3	
246	5	5	4	5	4	4	4	4	4	3	
233	4	4	4	4	4	4	4	3	3	5	
232	4	4	5	4	4	3	3	4	4	5	
235	4	4	4	4	4	4	4	4	4	3	
238	4	4	4	4	4	4	4	3	3	3	
252	2	2	2	2	2	2	2	2	3	3	
248	4	4	4	4	4	4	4	4	4	4	
241	3	3	3	3	3	3	3	4	5	3	
239	4	4	4	4	3	4	3	3	4	5	
242	4	4	4	4	4	4	4	4	4	4	
240	5	5	4	4	4	4	4	4	3	4	
251	4	4	4	4	4	4	4	4	4	4	
243	3	3	3	3	3	3	3	4	4	7	
255	3	3	3	3	3	3	3	3	4	4	
253	4	4	4	4	4	4	4	3	3	4	
244	4	4	4	4	4	4	4	4	4	4	
250	3	3	3	3	3	3	3	3	5	4	
247	3	3	3	3	3	3	3	4	4	5	
258	4	4	4	4	4	4	4	4	3	4	
257	4	4	4	4	4	4	4	3	3	4	
256	4	4	4	4	4	4	4	4	5	4	
260	4	4	4	4	4	4	4	3	3	4	
249	4	4	4	5	5	5	4	4	4	4	
254	4	4	4	4	4	5	3	3	3	4	
261	4	4	4	4	4	4	4	4	4	3	
259	4	4	4	4	4	4	4	3	3	3	
264	3	3	3	3	3	3	3	3	4	4	
266	4	4	4	4	4	4	4	4	6	4	
263	4	4	4	4	4	4	4	4	4	4	
265	4	4	4	4	4	4	4	4	4	4	
262	4	4	4	4	4	4	4	4	4	4	
267	4	4	4	4	4	4	4	4	4	4	
271	4	4	4	4	4	4	4	4	4	4	
273	2	2	2	2	2	2	3	3	5	3	
270	4	4	4	4	4	4	3	3	4	4	
268	3	3	3	3	3	3	3	2	3	4	
275	4	4	4	4	4	4	4	5	4	4	
278	4	4	4	4	4	4	4	4	5	5	
269	4	4	4	4	4	4	4	4	4	4	
276	4	4	4	4	4	4	4	4	3	4	
272	3	3	3	3	3	3	3	3	4	3	
274	3	3	3	3	3	3	3	3	3	4	
281	3	3	3	3	3	3	2	2	4	4	
279	3	3	3	3	3	3	3	3	5	4	
277	4	4	4	4	4	4	4	4	4	4	
282	3	3	3	3	3	3	3	3	3	4	
280	4	4	4	4	4	4	5	4	4	4	
287	4	4	4	3	3	3	4	3	3	4	
289	5	5	4	4	4	3	3	3	3	3	
284	3	3	3	3	3	3	4	3	3	2	
283	3	3	3	3	3	3	3	3	4	4	
293	4	4	4	4	5	5	4	4	4	4	
290	2	2	2	2	2	2	2	2	3	3	
295	4	4	4	4	4	3	4	3	4	3	
286	4	4	4	4	4	4	4	4	4	4	
288	4	4	4	4	4	4	4	4	4	2	
285	2	2	2	2	2	2	2	3	4	3	
291	3	3	3	3	3	3	3	4	3	5	
297	5	5	5	5	5	4	4	4	5	4	
292	3	3	3	3	4	4	2	2	3	4	
299	3	3	3	3	3	2	2	2	2	3	
302	4	4	4	4	4	4	4	4	5	4	
296	4	4	4	4	4	4	5	3	4	4	
294	3	3	3	3	4	4	4	5	4	4	
301	5	5	5	5	5	5	4	4	4	4	
298	4	4	4	4	4	4	3	3	3	3	
310	4	3	3	3	3	3	3	4	4	4	
304	4	4	4	4	4	5	4	5	4	5	
309	4	3	3	3	3	3	3	3	3	4	
305	3	3	3	3	3	3	3	4	4	3	
311	4	4	4	4	4	5	4	3	5	4	
303	4	4	4	4	4	4	4	4	4	4	
300	4	4	4	4	4	4	4	4	3	5	
312	4	4	4	4	4	4	4	3	4	2	
308	3	3	3	3	3	3	3	4	4	4	
314	3	3	3	3	3	3	3	4	3	3	
306	4	4	4	4	4	4	4	4	4	3	
307	5	5	5	4	4	5	4	4	4	5	
313	4	4	4	4	4	4	3	4	4	5	
316	4	5	5	5	4	5	4	4	4	4	
320	3	3	3	3	3	3	3	4	5	5	
315	4	4	4	4	4	4	4	4	4	4	
319	4	4	4	4	4	4	4	4	4	3	
322	3	3	3	3	3	3	3	3	4	5	
318	4	4	4	4	5	5	4	3	4	4	
326	4	4	4	4	4	4	4	4	3	4	
321	4	4	4	4	4	4	5	5	4	4	
317	3	3	3	3	3	4	3	3	4	3	
330	4	4	4	4	4	4	4	4	3	4	
327	4	4	4	4	4	4	4	4	3	5	
323	5	5	5	5	5	5	4	4	4	3	
324	4	4	4	4	4	4	4	4	4	4	
325	4	4	4	4	4	4	4	4	3	3	
328	5	4	5	5	4	4	4	3	4	4	
329	3	3	3	3	3	3	3	4	4	4	
331	3	3	3	3	3	3	4	3	4	3	
335	4	4	4	4	4	4	4	4	4	4	
336	4	4	4	4	4	4	4	4	3	4	
332	4	4	4	4	4	4	3	3	4	3	
334	4	4	4	4	4	4	4	4	4	3	
333	5	5	5	5	4	4	5	3	4	3	
338	5	5	5	5	5	5	4	5	4	4	
339	2	2	2	2	2	2	2	2	3	4	
340	4	4	4	4	4	4	6	4	3	4	
337	4	4	4	4	4	4	4	3	3	4	
342	6	6	5	6	5	5	5	5	4	4	
341	4	4	4	4	4	4	3	3	3	4	
343	4	4	4	4	4	4	4	4	3	5	
347	4	4	4	4	4	4	4	5	3	4	
346	4	4	4	4	4	4	4	4	4	3	
344	3	3	3	3	3	3	4	4	5	3	
352	2	2	2	2	2	2	2	2	4	4	
345	4	4	4	4	4	4	4	4	5	4	
358	3	3	3	3	3	3	4	4	4	5	
350	4	4	4	4	4	4	4	4	4	6	
351	3	3	3	3	3	3	3	3	4	5	
353	4	4	4	4	4	4	5	4	4	4	
349	4	4	4	4	4	4	4	5	4	4	
348	4	4	4	4	4	5	4	5	3	4	
360	4	4	4	4	5	4	5	4	5	5	
355	3	3	3	3	3	3	3	3	3	4	
359	4	4	4	4	4	4	3	3	2	4	
357	3	3	3	3	3	3	3	4	4	5	
356	3	3	3	3	3	3	3	4	4	4	
354	4	4	4	4	4	4	4	4	4	4	
361	4	4	4	4	4	4	3	6	4	4	
362	3	3	3	3	3	3	3	3	5	3	
363	4	4	4	4	4	4	4	5	3	4	
365	4	4	4	4	4	4	4	4	4	5	
364	4	4	4	4	4	4	4	4	4	3	
370	4	4	4	4	4	4	3	3	5	4	
366	4	4	4	4	4	4	4	4	6	4	
369	3	3	3	3	3	3	3	3	4	3	
368	3	3	3	3	3	3	3	4	3	4	
373	5	5	5	5	5	4	4	4	4	5	
372	5	5	5	5	5	5	4	4	3	4	
367	4	4	4	4	4	4	4	5	4	5	
376	3	3	3	3	3	3	3	3	3	4	
377	3	3	3	3	2	2	2	3	3	4	
371	3	3	3	3	3	3	3	3	3	4	
374	5	5	5	5	5	4	5	4	4	4	
381	3	3	3	3	3	3	3	4	4	4	
378	4	4	4	4	4	4	4	4	4	4	
375	2	2	2	2	2	2	2	2	2	4	
383	4	4	4	4	4	4	4	5	6	4	
382	3	3	3	3	3	3	3	4	3	4	
385	4	4	4	4	4	4	4	4	5	4	
380	4	4	4	4	4	4	4	4	4	4	
384	4	4	4	3	3	3	3	3	3	3	
379	3	3	3	3	3	3	3	3	4	4	
388	3	3	3	3	3	3	3	3	3	4	
386	3	3	3	3	3	3	3	4	3	5	
391	2	2	2	2	2	2	2	3	3	4	
393	3	3	3	3	3	3	3	3	4	3	
389	4	4	4	4	4	3	4	4	3	5	
390	4	4	4	4	4	4	4	4	4	4	
387	3	3	3	3	3	3	3	3	3	3	
396	5	4	4	4	4	4	4	4	3	4	
392	4	4	4	4	4	4	4	5	4	5	
398	3	3	3	3	3	3	3	3	4	4	
401	4	4	4	4	4	4	4	4	3	4	
397	3	3	3	3	3	3	3	4	3	3	
394	5	5	5	5	5	4	4	3	4	4	
395	4	4	4	4	4	4	4	4	3	4	
399	4	4	4	4	4	4	4	4	4	5	
405	4	4	4	4	5	4	4	4	3	3	
402	4	4	4	4	4	4	5	5	5	4	
400	4	4	4	4	4	4	4	5	3	3	
409	3	3	3	3	3	3	3	3	4	4	
404	5	4	4	4	4	3	3	4	4	4	
408	3	3	3	3	3	3	3	3	4	4	
411	4	4	4	4	4	4	5	4	4	4	
406	4	4	4	4	4	4	4	4	4	4	
403	4	4	4	4	3	3	3	4	4	4	
407	4	4	4	4	4	4	5	5	4	3	
410	4	4	4	4	4	4	4	4	4	4	
414	4	4	4	4	3	3	3	3	4	5	
412	4	4	4	4	4	4	4	4	4	3	
413	4	4	4	4	4	4	4	4	3	4	
415	3	3	3	3	3	3	3	4	3	4	
416	4	4	4	4	4	3	4	4	4	4	
417	4	4	4	4	4	4	4	3	4	3	
419	4	4	4	4	4	4	4	4	4	4	
418	4	4	4	4	3	3	3	4	5	3	
421	4	4	4	4	4	5	4	5	4	4	
422	4	4	4	4	4	4	5	4	4	4	
429	4	4	4	4	4	4	4	3	5	4	
420	5	4	3	3	3	3	3	3	4	4	
423	4	4	5	4	4	4	3	4	4	3	
427	4	4	4	4	4	4	4	4	3	4	
426	4	5	5	5	5	5	4	4	4	4	
430	4	4	4	4	4	4	4	5	4	4	
428	4	4	3	4	4	4	4	3	4	3	
424	4	4	4	4	4	4	4	4	4	5	
425	5	5	5	5	4	5	4	5	3	5	
434	4	4	4	4	4	4	4	5	4	3	
432	3	3	3	3	3	3	3	3	3	4	
431	4	4	4	4	4	4	4	4	4	3	
436	4	4	4	4	4	4	5	4	4	4	
435	4	4	4	4	4	3	4	5	3	4	
433	3	3	3	3	3	3	4	5	5	4	
442	4	4	4	4	4	4	4	4	4	4	
440	4	4	4	4	4	5	4	4	5	3	
437	4	4	4	4	4	4	4	4	4	4	
445	4	4	3	3	3	3	3	3	3	3	
438	4	4	4	4	4	4	4	3	4	3	
444	4	4	4	4	4	3	3	5	4	4	
441	5	5	4	3	3	3	3	3	3	4	
439	4	4	4	4	4	4	3	4	4	4	
448	3	3	3	3	3	3	3	4	4	3	
443	3	3	3	3	3	3	3	3	3	3	
449	4	4	4	4	4	4	4	3	4	4	
450	4	4	4	4	4	4	4	5	6	4	
446	4	4	4	4	4	5	4	4	4	4	
454	4	4	4	4	4	4	4	4	4	4	
447	3	3	3	3	3	3	3	3	3	3	
456	3	3	3	3	3	3	4	4	4	3	
451	4	4	4	4	4	4	4	5	4	4	
452	4	4	4	4	4	4	4	4	4	4	
453	4	4	4	3	3	3	3	3	2	4	
457	5	4	3	3	4	4	3	3	4	4	
459	4	3	3	3	3	4	3	3	4	4	
462	3	3	3	3	3	3	3	4	5	4	
455	4	4	4	4	4	4	4	5	4	4	
460	4	4	4	4	4	4	3	3	3	4	
458	5	4	4	4	4	4	5	4	4	4	
461	4	4	4	4	4	4	5	4	4	4	
465	4	4	4	4	4	4	4	5	3	4	
464	4	4	4	4	4	4	4	4	5	5	
469	4	4	4	4	4	4	4	4	4	4	
463	4	4	4	4	4	4	5	4	3	4	
467	4	4	4	4	4	4	4	3	4	4	
470	4	4	4	4	4	4	3	4	3	6	
466	4	4	4	4	3	3	4	4	2	4	
468	3	3	3	3	3	3	3	3	3	4	
473	4	4	4	4	4	5	4	4	4	4	
478	4	4	4	4	4	4	4	4	5	4	
475	3	3	3	3	3	3	3	3	4	3	
472	4	4	4	4	4	4	4	4	5	4	
471	3	3	3	3	3	3	3	4	4	4	
476	3	3	3	3	3	3	4	3	4	4	
477	5	5	5	4	4	4	4	4	4	4	
474	5	5	5	5	5	4	4	4	4	4	
482	4	4	4	4	4	4	4	4	4	3	
481	4	4	4	4	4	4	4	4	5	3	
479	4	4	4	4	4	4	4	4	4	4	
484	4	4	4	4	4	4	4	4	4	3	
480	2	2	2	2	2	2	3	3	4	4	
488	2	2	2	2	2	2	2	2	3	4	
492	3	3	3	3	3	3	4	4	4	4	
487	4	4	4	4	4	4	4	4	4	5	
483	4	4	4	4	4	4	4	3	5	4	
485	4	4	4	4	4	4	4	4	4	5	
489	5	5	6	5	5	4	4	4	5	4	
486	4	4	4	4	4	4	4	3	4	4	
491	4	4	4	4	4	4	5	4	5	4	
490	4	4	4	4	4	4	3	4	4	3	
495	4	4	4	3	3	3	3	5	5	5	
496	5	5	5	4	5	4	4	4	5	4	
493	4	4	4	4	4	4	4	4	3	4	
494	4	4	4	4	4	4	4	3	3	4	
498	4	4	4	4	4	5	4	3	4	4	
499	4	4	4	4	4	4	4	3	4	4	
497	3	3	3	3	3	3	3	3	4	4	
500	4	4	4	4	4	4	4	4	4	4	
502	4	4	4	4	4	5	4	4	4	2	
506	3	3	3	3	3	4	4	3	3	3	
505	4	4	4	4	4	4	4	4	4	4	
503	3	3	3	3	3	3	3	3	4	4	
508	3	3	3	3	3	3	4	4	4	4	
501	3	3	3	3	3	3	3	3	3	4	
507	4	4	4	4	4	5	4	3	4	3	
504	4	4	4	4	4	4	4	4	4	3	
512	4	4	4	4	4	4	4	3	5	4	
513	3	3	3	3	3	3	3	4	3	3	
511	3	3	3	3	3	3	4	3	3	4	
509	4	4	4	4	4	4	4	4	4	3	
510	2	2	2	2	2	2	2	2	2	4	
517	3	3	3	3	3	4	4	4	3	5	
516	3	3	3	3	3	3	3	3	3	4	
514	3	3	3	3	3	3	3	3	4	4	
515	4	4	4	4	4	5	5	4	5	4	
520	5	5	5	5	4	4	5	4	4	4	
518	4	4	4	4	4	4	4	4	3	6	
521	4	4	4	4	4	4	4	4	4	4	
522	3	3	3	3	3	3	3	3	4	4	
526	4	4	4	4	4	4	4	3	4	5	
519	4	4	4	4	4	4	4	4	4	4	
528	4	4	4	4	4	4	4	4	4	4	
523	5	5	4	4	4	4	4	4	5	4	
524	5	5	5	5	5	5	4	5	5	4	
525	3	3	3	3	3	3	3	5	5	5	
529	3	3	3	3	3	3	3	3	5	4	
527	3	3	3	3	3	3	3	4	3	3	
531	4	4	4	4	4	4	4	4	4	3	
530	2	2	2	2	2	2	2	2	3	2	
532	4	4	4	4	4	5	4	4	4	3	
533	3	3	3	3	3	3	3	3	4	4	
535	4	4	4	4	4	4	4	4	4	4	
534	4	4	4	4	4	5	5	4	4	4	
540	5	4	4	4	4	4	4	4	4	4	
536	3	3	3	3	3	3	3	4	5	3	
537	4	4	4	4	4	3	3	2	3	4	
539	2	2	2	2	2	2	2	2	3	4	
542	3	3	3	3	3	3	3	3	3	4	
538	3	3	3	3	3	4	5	4	4	4	
541	3	3	3	3	3	3	3	4	3	3	
545	4	3	3	3	3	3	3	4	3	4	
550	4	4	4	4	4	4	4	4	3	4	
543	3	3	3	3	3	3	3	3	4	3	
544	4	4	4	4	4	4	4	3	4	4	
549	3	3	3	3	4	4	4	3	4	4	
546	3	3	3	3	3	3	4	4	3	3	
547	3	3	3	3	3	3	3	4	4	5	
548	3	3	3	3	3	3	3	3	4	5	
556	3	3	3	3	3	3	4	3	3	4	
551	4	4	4	4	4	5	4	5	4	4	
559	4	4	4	4	4	4	4	4	4	4	
552	4	4	4	4	4	4	4	4	4	3	
554	4	4	4	4	4	4	4	3	4	4	
555	4	4	4	4	4	4	4	4	4	5	
553	4	4	4	4	4	4	4	3	4	3	
562	4	4	4	4	4	4	4	5	3	4	
558	4	4	4	4	4	4	4	4	5	4	
557	4	4	4	4	4	4	6	4	3	5	
560	3	3	3	3	3	3	3	4	4	5	
563	3	3	3	3	3	3	3	4	4	4	
566	4	4	4	4	4	4	4	4	4	5	
564	3	3	3	3	3	3	3	3	4	4	
561	5	5	5	4	4	4	4	3	5	5	
565	3	3	3	3	3	3	3	4	4	3	
571	3	3	3	3	3	3	3	3	4	4	
569	3	3	3	3	3	3	3	4	3	4	
568	4	4	4	4	4	4	4	4	4	4	
567	4	4	4	4	4	4	4	4	4	4	
570	4	4	4	4	4	4	4	4	4	4	
573	4	4	4	3	3	3	3	3	4	3	
575	3	3	3	3	3	3	4	3	5	4	
577	3	3	3	3	3	3	3	3	3	4	
580	4	4	4	4	4	4	4	4	4	4	
578	4	4	4	4	4	4	4	3	4	4	
572	4	4	4	4	4	4	4	4	4	4	
582	3	3	3	3	3	3	4	4	5	4	
574	4	4	4	4	4	4	4	4	3	5	
583	5	4	4	4	4	4	4	4	4	4	
579	4	4	4	4	4	4	4	4	4	4	
581	4	4	4	4	4	3	3	4	3	4	
576	4	4	4	4	4	3	3	4	4	4	
586	4	4	4	4	4	4	4	3	4	4	
587	4	4	4	4	4	5	4	4	4	4	
584	4	4	4	4	4	4	4	4	4	4	
585	4	4	4	4	4	4	4	5	4	3	
590	4	4	4	4	3	3	3	3	4	5	
589	3	3	3	3	3	3	3	2	3	3	
592	4	4	4	4	5	5	4	5	4	4	
593	5	4	4	4	4	4	4	4	4	4	
588	4	4	4	4	4	4	4	5	4	4	
596	4	4	4	4	4	4	4	4	4	4	
594	4	4	4	4	4	4	4	4	4	4	
595	4	4	4	4	4	4	4	5	4	4	
591	4	4	4	4	4	4	4	5	3	4	
598	4	4	4	4	4	4	5	4	4	4	
597	4	4	3	3	3	3	3	3	4	4	
601	3	3	3	3	3	3	3	4	4	5	
599	4	4	4	4	4	4	3	4	4	5	
600	4	4	4	4	4	4	4	4	2	4	
606	4	4	4	4	4	4	4	3	3	4	
605	4	4	4	4	4	4	4	5	6	5	
604	3	3	3	3	3	3	3	3	3	3	
609	4	4	4	4	4	5	4	5	4	3	
602	4	4	4	4	4	4	4	4	5	4	
603	4	4	4	4	4	4	4	4	4	4	
611	4	4	4	4	4	4	3	3	4	6	
610	4	4	4	4	3	4	3	3	3	4	
608	5	5	5	4	4	4	3	4	3	4	
607	5	5	4	4	4	4	3	3	3	5	
615	4	4	4	4	4	4	4	3	4	4	
613	5	5	4	4	4	4	4	4	4	4	
612	3	3	3	3	3	3	3	3	3	4	
619	4	4	4	4	4	4	5	4	3	4	
616	4	4	4	4	4	4	4	4	4	4	
614	4	4	4	4	4	4	3	4	3	4	
618	4	4	4	4	4	3	4	4	3	4	
617	4	4	4	4	4	4	3	4	3	4	
623	3	3	3	3	3	3	4	3	4	3	
625	4	4	4	4	4	4	4	5	4	5	
621	4	4	4	4	4	4	3	4	3	4	
626	4	4	4	4	4	4	4	5	4	4	
624	4	4	4	4	4	4	4	4	4	4	
620	4	4	4	5	5	4	4	4	4	4	
622	3	3	3	3	3	4	3	4	4	5	
629	4	4	4	4	4	4	4	4	3	3	
631	3	3	3	3	3	3	3	3	4	3	
627	3	3	3	3	4	3	3	3	5	3	
628	4	4	4	4	5	4	4	4	4	3	
633	3	3	3	3	3	3	3	3	3	4	
635	4	4	4	4	4	4	4	4	4	5	
634	3	3	3	3	3	3	4	4	4	4	
632	4	5	4	4	4	4	3	3	4	5	
636	4	4	4	4	4	4	4	4	4	4	
630	4	4	4	5	5	5	5	4	4	3	
640	4	4	4	4	4	4	4	5	4	5	
637	4	4	4	4	4	4	4	4	4	4	
646	4	4	4	4	4	4	4	4	3	4	
639	4	4	4	4	4	4	3	3	3	3	
643	4	4	4	4	4	4	4	4	5	4	
641	4	4	4	4	4	4	4	4	4	4	
638	3	3	3	3	3	3	3	3	4	4	
648	4	4	4	4	4	4	3	4	3	4	
645	3	3	3	3	3	4	4	3	2	4	
647	4	4	4	4	5	5	4	4	4	4	
652	3	3	3	3	3	4	4	4	4	3	
644	4	4	4	4	4	5	4	4	3	4	
642	4	4	4	4	4	4	5	3	4	4	
651	4	4	4	4	4	4	4	4	4	3	
649	3	3	3	3	3	3	3	3	3	2	
654	5	5	5	6	4	4	4	6	4	4	
650	3	3	3	3	3	3	4	3	4	3	
653	4	4	4	4	4	4	4	4	4	4	
656	3	3	3	3	3	3	3	3	5	3	
655	4	4	4	4	4	4	3	4	4	3	
660	3	3	3	3	3	3	3	3	4	4	
657	4	3	3	3	3	3	3	4	4	5	
663	4	4	4	4	4	4	4	4	3	4	
661	4	4	4	4	4	4	4	3	4	4	
662	4	4	4	4	4	4	5	4	4	5	
658	4	4	4	4	4	4	3	3	4	4	
668	4	4	4	4	4	4	4	4	4	4	
659	5	5	4	4	4	4	4	6	6	4	
664	3	3	3	3	3	3	3	4	4	3	
669	4	4	4	4	4	4	4	4	4	4	
665	3	3	3	3	3	3	4	4	4	3	
667	4	4	4	4	4	4	4	4	4	5	
673	4	4	4	4	4	4	3	3	3	4	
666	4	4	4	4	4	4	4	4	4	4	
675	5	5	4	4	4	4	4	3	3	3	
670	3	3	3	3	3	3	2	2	3	4	
672	4	4	4	4	4	4	3	4	5	6	
671	4	4	4	4	4	4	4	3	4	3	
674	4	4	4	4	4	4	4	4	4	4	
680	5	5	5	4	4	4	4	4	4	5	
678	4	4	4	4	4	3	3	4	3	4	
677	3	3	3	3	3	3	3	4	4	5	
684	4	4	4	4	4	4	4	4	4	4	
685	4	4	4	4	4	3	3	4	3	4	
676	4	4	4	4	4	5	5	3	4	4	
681	3	3	3	3	3	3	3	4	5	4	
679	4	4	4	4	4	4	4	5	4	4	
683	4	4	4	4	4	4	4	4	4	4	
690	4	4	4	4	4	4	5	4	4	5	
682	6	6	6	4	4	4	3	3	4	6	
686	3	3	3	3	3	3	4	3	3	4	
689	5	5	5	5	5	4	4	4	4	4	
693	3	3	3	3	3	3	3	3	3	4	
688	3	3	3	3	3	3	3	3	3	4	
696	4	4	4	4	4	3	4	4	4	4	
687	4	4	4	4	4	5	5	5	3	4	
691	4	4	4	4	4	4	4	4	4	6	
695	4	4	4	4	4	4	4	4	4	4	
701	4	4	4	4	4	4	4	4	5	4	
700	4	4	4	4	4	4	4	4	4	4	
692	4	3	3	3	3	3	3	4	4	4	
694	3	3	3	3	3	3	3	4	4	4	
702	2	2	2	2	2	2	2	2	3	5	
697	3	3	3	3	3	3	3	3	3	4	
703	3	3	3	3	3	3	3	3	4	2	
699	5	5	5	5	4	4	4	4	4	5	
698	3	3	3	3	3	3	3	4	4	3	
707	4	4	4	4	4	4	4	4	4	3	
704	4	4	4	4	4	4	4	3	4	3	
706	4	4	4	4	4	4	4	4	4	4	
705	4	4	4	4	4	4	4	4	4	4	
709	4	4	4	4	4	4	4	4	3	4	
713	3	3	3	3	3	3	3	3	4	5	
708	3	3	3	3	3	3	3	3	3	4	
712	5	4	4	4	4	4	4	4	4	4	
710	5	5	5	5	4	4	4	5	4	3	
718	4	4	4	4	4	4	4	3	3	4	
711	3	3	3	3	3	3	3	4	3	4	
716	3	3	3	3	3	3	3	3	3	3	
715	6	6	5	4	4	4	4	4	5	6	
717	4	4	4	4	4	4	4	4	4	4	
714	4	4	4	4	4	4	4	4	4	4	
721	2	2	2	2	2	2	2	3	3	5	
724	2	2	2	2	2	2	2	3	3	3	
725	4	4	4	4	4	4	4	4	4	4	
723	3	3	3	3	3	3	3	4	4	3	
719	3	3	3	3	3	3	3	3	3	4	
722	4	4	4	4	4	4	3	4	4	4	
720	4	4	4	4	4	4	6	4	4	4	
726	3	3	3	3	3	3	4	3	4	4	
731	4	4	4	4	5	5	5	4	4	4	
733	4	4	4	4	4	4	5	4	4	4	
729	4	4	4	4	4	4	4	4	4	3	
736	4	4	4	4	4	3	3	3	3	3	
730	4	4	4	4	4	4	4	3	4	4	
735	3	3	3	3	3	3	3	3	3	4	
728	3	3	3	3	3	3	3	3	3	4	
734	4	4	4	4	5	4	4	4	4	5	
737	2	2	2	2	2	2	2	2	2	5	
732	4	4	4	4	4	5	4	4	4	4	
727	4	4	4	4	4	4	3	3	3	3	
740	3	3	3	3	3	3	3	3	5	4	
739	3	3	3	3	3	2	3	3	4	3	
738	4	4	4	4	4	4	4	4	4	3	
743	4	4	4	4	4	4	5	4	4	6	
744	4	4	4	4	3	3	4	4	4	3	
741	3	3	3	3	3	3	3	4	5	3	
745	4	4	4	4	4	4	4	4	4	4	
742	4	4	4	4	4	4	4	4	5	4	
747	4	4	4	4	4	4	4	4	5	4	
746	3	3	3	3	3	3	3	3	4	3	
751	4	4	4	4	4	4	4	5	4	4	
748	4	4	4	4	4	4	4	4	4	4	
750	4	4	4	4	4	4	4	3	4	4	
749	4	4	4	4	4	4	4	4	3	4	
753	3	3	3	3	3	3	3	3	3	4	
755	3	3	3	4	4	3	3	3	2	4	
752	4	4	4	4	4	4	4	3	4	5	
754	2	2	2	2	2	2	2	2	4	4	
758	4	4	4	4	4	4	4	4	4	5	
756	4	4	4	4	4	4	4	5	4	4	
760	3	3	3	3	3	3	3	2	3	3	
757	3	3	3	3	3	3	3	3	5	4	
762	5	4	4	4	4	4	4	5	4	3	
766	4	4	4	4	4	4	4	4	3	4	
759	3	3	3	3	3	3	3	4	4	4	
764	2	2	2	2	2	2	2	3	4	4	
763	4	4	4	4	4	4	4	4	4	3	
767	4	4	4	4	4	4	4	4	4	4	
761	4	4	4	4	4	4	4	3	3	5	
769	4	4	4	3	3	3	3	3	4	6	
765	3	3	3	3	3	3	3	3	4	3	
774	4	4	4	4	4	4	4	4	3	6	
768	4	4	4	4	4	3	4	4	4	3	
773	4	4	4	4	3	3	3	4	4	3	
771	4	4	4	4	4	4	5	4	4	4	
770	4	4	4	4	4	4	5	5	5	4	
772	4	4	4	4	4	4	4	4	4	4	
776	3	3	3	3	3	3	3	4	2	4	
778	4	4	4	4	4	4	5	4	4	4	
775	4	4	4	4	4	4	4	4	4	3	
779	4	4	4	4	4	4	4	4	4	4	
777	4	4	4	4	4	4	4	3	4	4	
780	3	3	3	3	3	3	3	3	3	4	
788	4	4	4	4	4	4	4	4	4	5	
786	4	4	4	4	4	4	4	5	5	5	
787	4	4	4	4	4	3	3	3	4	4	
781	4	4	4	4	4	4	4	4	4	5	
789	4	4	4	4	4	4	4	4	6	4	
782	3	3	3	3	3	3	3	3	3	4	
793	4	5	5	5	4	4	4	4	5	3	
783	3	3	3	3	3	3	3	3	3	4	
790	5	5	5	5	5	4	3	3	4	5	
784	3	3	3	3	3	4	4	4	4	3	
785	4	4	4	4	4	4	4	4	4	4	
795	4	4	4	4	4	4	4	4	3	4	
791	3	3	3	3	3	3	3	4	4	4	
792	2	2	2	2	2	2	2	3	3	4	
799	3	3	3	3	3	3	3	3	4	4	
797	4	4	4	4	4	5	4	4	6	4	
804	4	4	4	4	4	4	3	3	4	4	
796	4	4	4	4	4	4	4	3	4	3	
794	4	4	4	4	4	4	4	3	3	4	
801	3	3	3	3	3	3	4	3	4	3	
798	4	4	4	4	4	4	4	3	4	3	
803	4	4	4	4	4	4	4	4	4	4	
800	5	5	5	4	4	4	3	4	5	4	
802	4	4	4	4	4	4	4	4	4	3	
807	4	4	4	4	4	3	4	4	4	4	
805	4	4	4	4	4	4	4	4	4	3	
808	3	3	3	3	3	3	4	4	5	4	
806	3	3	3	3	3	3	4	5	4	4	
815	4	4	4	4	4	4	4	3	3	5	
813	4	5	4	4	4	5	4	5	3	4	
812	4	4	4	4	4	4	4	4	2	4	
809	5	5	5	4	4	4	5	4	3	3	
811	4	4	4	4	4	4	4	4	4	3	
814	4	4	4	4	4	4	4	4	4	4	
810	4	4	4	4	4	4	4	3	5	4	
818	5	5	5	5	4	4	3	3	4	5	
816	2	2	2	2	2	2	2	3	2	3	
819	4	4	4	4	4	4	4	4	3	4	
822	4	4	4	4	4	4	4	4	4	4	
821	2	2	2	2	2	2	2	3	4	4	
817	4	4	4	4	4	4	4	4	4	5	
823	4	4	4	4	4	4	4	4	5	4	
825	5	5	5	5	4	4	4	5	5	5	
829	4	4	4	4	4	4	4	4	4	4	
820	3	3	2	2	2	2	3	3	2	4	
824	4	4	4	4	4	4	4	4	4	3	
828	3	3	3	3	3	3	3	3	3	5	
827	4	4	4	4	4	6	4	5	5	4	
826	4	4	4	4	4	4	4	3	4	3	
831	5	5	4	4	5	4	4	4	4	5	
833	3	3	3	3	3	3	3	3	5	4	
830	3	3	3	3	3	3	3	4	5	4	
838	4	4	4	4	4	4	4	5	4	4	
839	4	4	4	4	4	4	4	4	4	4	
835	4	4	4	4	4	4	4	4	5	4	
832	4	4	4	4	4	4	5	3	4	4	
840	4	4	4	4	4	4	3	4	4	5	
841	5	5	5	5	5	4	3	3	5	3	
836	4	4	4	4	4	4	4	4	4	3	
837	4	4	4	4	4	4	4	4	4	4	
834	4	4	4	4	3	3	4	4	3	3	
846	4	4	4	4	4	4	5	4	3	4	
848	4	4	4	4	4	4	4	4	4	4	
842	4	4	4	4	4	4	3	4	4	4	
852	3	3	3	3	3	3	4	4	4	4	
844	4	4	4	4	4	4	4	4	4	4	
850	3	3	3	3	3	3	3	2	3	5	
847	4	4	4	4	4	4	4	4	4	2	
843	4	4	4	4	4	3	3	3	4	4	
845	4	4	4	4	4	4	4	4	4	5	
849	4	4	4	4	5	4	4	4	3	4	
853	6	6	4	4	4	4	4	4	4	4	
851	3	3	3	3	4	4	4	5	3	4	
854	4	4	4	4	4	4	4	5	4	4	
860	4	4	4	4	4	4	4	4	3	4	
855	4	4	4	4	4	4	4	4	4	3	
857	2	2	2	2	2	2	2	2	2	4	
856	4	4	4	4	5	4	4	4	4	4	
863	3	3	3	3	3	3	3	3	4	4	
865	3	3	3	3	4	3	3	3	4	3	
861	4	4	4	4	4	4	4	3	2	4	
859	3	3	3	3	3	3	3	4	4	5	
862	3	3	3	3	3	3	3	4	4	2	
864	3	3	3	3	3	3	3	3	3	4	
858	4	4	4	4	4	4	4	4	5	4	
871	4	4	4	4	4	4	3	3	4	4	
867	4	4	4	4	4	4	3	4	4	4	
870	4	4	4	4	4	4	5	4	4	4	
866	4	4	4	4	4	4	4	4	3	4	
872	4	4	4	3	3	3	3	4	3	5	
868	3	3	3	3	3	3	4	5	4	4	
869	4	4	4	4	4	4	4	4	3	4	
873	5	5	4	4	4	4	4	3	4	4	
882	4	4	5	4	4	4	5	4	4	5	
879	2	2	2	2	2	2	2	3	4	4	
874	3	3	3	3	3	3	4	5	4	5	
875	4	4	4	4	4	4	4	4	4	4	
877	4	4	4	4	4	4	4	4	4	4	
878	4	4	4	4	4	4	3	4	4	4	
886	4	4	4	5	4	4	4	3	4	3	
876	4	4	4	4	4	4	4	5	5	4	
885	4	4	4	4	5	5	6	5	4	6	
881	4	4	4	4	5	4	4	4	4	3	
880	4	4	4	4	4	4	4	4	3	4	
889	4	4	4	4	4	4	4	4	3	5	
883	4	4	4	4	4	4	4	4	3	3	
884	5	4	4	4	4	4	4	4	4	3	
887	5	5	5	4	4	4	4	4	4	4	
890	4	4	4	4	4	4	4	4	5	4	
891	4	4	4	4	4	4	3	3	3	4	
888	4	4	4	4	4	4	4	4	3	4	
892	4	4	4	4	4	4	3	5	4	4	
897	3	3	3	3	3	3	4	3	4	4	
893	4	4	4	4	4	4	4	4	5	3	
898	3	3	3	3	3	3	3	4	3	4	
900	4	4	4	4	5	4	4	4	5	5	
899	4	4	4	4	5	4	4	5	3	4	
896	4	4	4	4	5	5	5	5	5	4	
901	4	4	4	4	4	4	5	4	4	3	
894	4	4	4	4	4	4	4	4	5	3	
902	3	3	3	3	4	4	4	4	4	5	
895	3	3	3	3	3	3	3	3	3	5	
905	3	3	3	3	3	3	3	5	4	4	
904	4	4	4	4	4	4	4	4	3	2	
907	3	3	3	3	3	3	3	4	4	4	
912	4	4	4	4	4	4	4	3	4	4	
906	4	4	4	4	4	4	4	4	4	4	
908	4	4	4	4	4	4	4	4	5	4	
910	4	4	4	4	4	4	4	4	4	4	
903	3	3	3	3	3	3	3	3	5	4	
909	5	5	5	5	5	4	4	5	3	4	
915	4	4	4	4	4	5	5	4	5	3	
911	4	4	4	4	4	4	4	4	4	4	
914	4	4	4	4	4	4	4	4	4	5	
913	4	4	4	4	4	4	4	2	3	4	
916	3	3	3	3	3	3	3	3	3	3	
917	4	4	4	4	4	4	4	3	4	4	
919	4	4	4	4	4	4	4	4	4	4	
921	4	4	4	4	4	4	4	4	4	4	
918	3	3	3	3	3	3	3	3	3	4	
920	5	5	5	5	4	5	4	3	4	4	
927	4	5	4	5	4	4	4	3	3	4	
922	4	4	4	4	4	4	4	4	3	4	
926	2	2	2	2	2	2	2	2	3	4	
925	4	4	4	4	4	4	4	4	4	4	
928	4	3	3	3	3	3	3	5	3	3	
923	2	2	2	2	2	2	2	4	4	4	
931	4	4	4	4	4	4	4	4	4	4	
930	3	3	3	3	3	3	3	3	4	3	
924	4	4	4	4	4	4	5	4	4	4	
929	4	4	4	4	4	4	3	3	4	4	
936	4	4	4	4	4	4	4	4	3	3	
935	4	4	4	4	4	4	4	3	4	4	
937	3	3	3	3	3	3	3	3	3	3	
932	3	3	3	3	3	3	4	3	4	3	
934	4	4	4	4	4	4	5	4	2	4	
933	5	4	4	4	4	4	4	3	4	4	
939	4	4	4	4	4	4	4	4	3	3	
940	3	3	3	3	3	3	3	3	3	3	
938	4	5	5	4	4	4	6	3	4	4	
943	4	4	4	4	4	4	4	4	5	4	
949	4	4	4	4	4	4	4	4	4	4	
951	4	4	4	4	4	4	3	3	4	4	
947	4	4	4	4	4	4	4	4	5	5	
942	4	4	4	3	4	3	5	4	4	3	
950	4	4	4	4	3	3	3	3	3	4	
941	4	4	4	4	4	4	4	4	5	4	
945	4	4	4	4	4	4	4	4	4	4	
944	3	3	3	3	3	3	4	3	4	3	
946	2	3	3	3	3	3	3	4	3	4	
948	4	4	4	4	4	4	4	4	4	4	
958	4	4	4	4	4	4	4	4	4	3	
956	4	4	4	4	4	3	3	4	4	4	
954	4	4	4	4	4	4	5	4	4	4	
960	3	3	3	3	3	3	3	4	4	3	
952	3	3	3	3	3	3	3	3	3	5	
961	4	4	4	4	4	4	4	3	4	4	
953	3	3	3	3	3	3	3	4	4	5	
962	3	3	3	3	3	3	3	4	2	4	
965	5	4	4	3	3	3	3	4	4	4	
955	3	3	3	3	3	3	3	3	3	4	
957	4	4	4	4	4	4	4	4	4	4	
963	4	4	4	4	4	4	4	4	4	4	
959	3	3	3	3	3	3	3	3	3	4	
964	5	4	4	4	4	5	4	4	4	4	
967	4	4	4	4	4	4	4	4	4	4	
966	3	3	3	3	3	3	3	3	3	5	
968	4	4	4	4	4	4	5	5	4	5	
973	3	3	3	3	3	3	3	4	3	3	
972	4	4	4	4	4	4	4	4	4	4	
971	2	2	2	2	2	2	2	3	4	4	
975	4	4	4	4	4	4	4	3	3	4	
970	5	5	6	5	5	5	5	5	4	5	
977	3	3	3	3	3	3	3	3	3	3	
969	3	3	3	3	3	3	3	3	4	3	
974	4	4	4	4	4	4	4	4	4	4	
976	3	3	3	3	3	3	3	4	4	4	
980	4	4	4	4	4	4	4	3	4	4	
979	4	4	4	4	4	4	4	4	4	4	
978	5	5	5	4	4	4	4	3	4	4	
987	4	4	4	4	4	4	4	4	3	4	
984	3	3	3	3	3	3	3	3	4	3	
985	4	4	4	4	4	4	4	4	4	4	
982	4	4	4	4	5	4	4	4	3	5	
983	4	4	4	4	4	5	5	4	3	5	
986	3	3	3	3	3	3	3	4	3	4	
981	4	4	4	4	4	4	4	5	4	4	
988	4	4	4	4	4	4	4	6	4	4	
989	4	4	4	4	4	5	5	4	3	4	
990	3	3	3	3	3	3	3	2	3	4	
995	4	4	4	4	4	4	5	4	4	5	
992	4	4	4	4	4	4	4	3	3	4	
996	3	3	3	3	3	3	3	3	2	4	
997	4	4	4	4	4	4	4	5	4	4	
999	3	3	3	3	3	3	3	3	4	4	
991	3	3	2	3	3	4	3	2	4	3	
998	3	3	3	3	3	3	3	4	4	3	
994	5	4	4	4	4	4	4	4	3	5	
1001	4	4	4	4	4	4	4	3	4	4	
1000	3	3	3	3	3	3	3	4	2	5	
1006	4	4	4	4	4	4	4	4	4	4	
1007	4	4	4	4	4	4	4	4	4	4	
993	4	4	4	4	4	4	4	3	4	5	
1005	4	4	4	4	4	4	4	4	4	4	
1002	3	3	3	3	3	3	3	3	4	4	
1009	4	4	4	4	4	4	4	4	4	4	
1004	4	4	4	4	5	4	4	4	4	3	
1011	4	4	4	4	4	4	4	3	4	4	
1003	4	4	4	4	4	3	3	4	4	4	
1015	4	4	4	4	4	4	5	5	4	4	
1010	3	3	4	3	3	3	3	3	4	4	
1008	4	4	4	4	4	3	3	4	4	4	
1014	4	4	4	4	4	4	4	3	3	4	
1013	3	4	3	3	3	3	3	3	3	3	
1016	5	5	5	5	5	5	4	4	4	4	
1012	4	4	4	4	4	4	4	4	5	4	
1017	3	3	3	3	3	3	3	4	3	3	
1018	4	4	4	4	4	5	4	5	4	4	
1025	4	4	4	4	4	4	3	4	4	4	
1022	4	4	4	4	4	4	3	3	4	3	
1024	4	4	4	4	4	4	3	4	4	4	
1026	4	4	4	4	4	5	5	4	4	3	
1020	4	4	4	4	4	5	4	4	4	3	
1019	3	3	3	3	3	3	3	4	4	5	
1023	5	5	5	5	5	4	4	3	4	5	
1021	4	4	4	4	4	4	4	3	4	4	
1029	5	4	4	5	4	4	4	4	4	4	
1032	4	4	4	4	4	3	3	5	4	3	
1027	5	4	4	4	4	4	4	4	4	3	
1031	4	4	4	4	4	5	4	5	4	5	
1028	4	4	4	4	4	4	4	3	3	4	
1035	4	4	4	4	4	4	4	5	3	4	
1033	4	5	5	5	4	5	4	4	5	4	
1034	4	4	4	4	4	4	4	5	5	4	
1036	4	4	4	4	4	4	4	5	5	4	
1030	3	3	3	3	3	4	4	4	4	4	
1037	4	4	4	4	4	4	4	3	4	4	
1038	3	3	3	3	3	3	4	4	3	3	
1039	3	3	3	3	3	4	4	3	4	5	
1041	3	4	4	3	3	3	3	4	4	4	
1040	3	3	3	3	3	3	3	3	2	3	
1042	4	4	4	4	4	4	4	4	4	3	
1045	4	4	4	4	4	4	4	4	4	4	
1051	3	3	3	3	3	3	3	3	4	4	
1046	5	5	4	4	4	4	3	4	4	4	
1049	3	3	3	3	3	4	4	3	2	4	
1044	4	4	4	5	5	5	4	4	4	4	
1047	5	5	5	5	5	5	5	4	4	3	
1043	4	4	4	4	4	4	4	4	5	4	
1050	4	4	4	4	4	4	4	4	3	4	
1053	4	4	4	4	3	3	3	3	4	4	
1055	4	3	4	3	4	3	4	3	4	4	
1052	5	5	5	5	5	5	4	3	4	3	
1059	5	5	5	4	4	4	4	4	3	4	
1048	4	4	4	4	4	4	4	3	4	4	
1056	4	4	4	3	3	3	3	5	5	4	
1063	4	4	4	4	4	4	4	3	4	4	
1058	4	4	4	4	4	4	3	3	3	3	
1054	3	3	3	3	3	3	4	5	4	4	
1057	5	5	5	5	5	6	5	3	4	4	
1060	4	4	4	4	4	3	3	4	4	4	
1062	4	4	4	4	4	4	4	4	4	4	
1061	5	5	4	3	4	4	3	4	4	4	
1066	4	4	4	4	4	4	4	4	4	4	
1071	4	4	4	4	4	4	4	4	4	4	
1065	4	4	4	4	4	4	4	3	4	4	
1067	3	3	3	3	3	3	4	4	4	4	
1064	4	4	4	4	4	3	3	3	2	3	
1069	3	3	3	3	3	3	4	4	3	4	
1068	4	4	4	4	4	4	4	5	5	3	
1074	4	4	4	4	5	5	4	5	4	4	
1072	3	3	3	3	3	3	3	3	4	4	
1073	4	4	4	4	4	4	4	3	3	4	
1076	3	3	3	3	3	3	4	4	5	4	
1070	4	4	4	4	4	4	3	4	4	4	
1075	4	4	4	4	4	4	4	4	4	4	
1080	4	4	4	5	5	5	4	5	4	3	
1077	4	4	4	4	4	4	5	4	5	4	
1078	4	4	3	3	2	2	2	2	4	5	
1082	3	3	3	3	3	3	3	3	4	4	
1079	4	4	4	4	4	4	4	4	3	4	
1085	4	4	4	4	4	4	4	4	4	4	
1081	4	4	4	4	4	4	4	3	3	3	
1087	3	3	3	3	3	3	3	4	4	4	
1083	4	4	4	4	4	4	4	4	5	3	
1084	5	5	5	4	4	4	4	4	6	4	
1086	4	4	4	4	4	4	4	4	3	4	
1088	4	4	4	4	4	4	4	5	4	4	
1093	5	5	4	4	4	5	5	5	4	4	
1090	4	4	5	5	5	4	4	4	4	3	
1096	3	3	3	3	3	3	3	3	5	4	
1089	3	3	3	3	3	3	3	3	4	4	
1099	4	4	4	4	4	4	4	4	4	5	
1098	3	3	3	3	3	3	3	3	4	4	
1095	3	3	3	3	3	3	3	3	3	4	
1097	4	4	4	4	4	4	4	4	5	4	
1092	4	4	4	4	4	4	5	4	4	3	
1102	4	4	4	4	4	4	4	4	4	4	
1094	4	4	4	4	4	3	3	4	3	4	
1091	4	4	4	4	4	4	4	3	4	3	
1104	4	4	4	3	3	3	3	3	3	4	
1101	3	3	3	3	3	3	3	4	4	4	
1100	3	3	3	3	3	3	3	4	4	4	
1107	4	4	4	4	4	4	4	4	4	4	
1105	3	3	3	3	4	4	4	4	5	4	
1103	3	3	3	3	3	3	4	4	3	3	
1110	3	3	3	3	3	3	3	3	5	4	
1112	2	2	2	2	2	2	2	3	4	4	
1106	4	4	4	4	5	4	4	3	3	3	
1111	4	4	4	4	4	4	4	4	5	4	
1108	4	4	4	4	4	4	4	3	4	4	
1109	4	4	4	3	3	4	3	4	3	3	
1117	3	3	3	3	3	3	4	3	4	5	
1113	3	3	3	3	3	3	3	3	4	3	
1115	4	4	4	4	4	4	3	3	4	4	
1114	4	4	4	4	4	4	4	3	4	4	
1116	4	4	4	4	4	4	3	4	4	3	
1122	4	5	5	4	4	4	4	4	4	2	
1120	4	4	4	4	4	4	4	4	4	3	
1125	4	4	4	4	4	4	4	3	5	4	
1124	3	3	3	3	3	3	3	3	4	4	
1118	4	4	4	4	5	4	4	4	4	3	
1123	4	4	4	4	4	4	4	4	4	4	
1119	4	4	4	4	4	4	4	4	4	4	
1121	5	5	5	5	5	5	4	4	4	4	
1127	4	4	4	4	4	4	4	5	4	3	
1129	4	4	4	4	4	4	5	3	4	5	
1128	3	3	3	3	3	3	3	5	4	4	
1126	5	5	5	5	5	5	5	4	4	5	
1132	4	4	4	4	4	4	4	4	4	4	
1131	3	3	3	3	3	3	3	3	5	4	
1134	3	3	3	3	3	3	4	4	3	4	
1130	3	3	3	3	3	3	3	4	4	3	
1133	4	4	4	4	4	5	5	4	4	4	
1135	4	3	3	3	3	3	3	3	4	4	
1139	4	4	4	4	4	4	4	4	4	5	
1136	4	4	4	4	4	4	4	4	4	4	
1137	4	4	4	4	4	4	4	4	4	4	
1140	3	3	3	3	3	3	4	3	5	3	
1138	4	4	4	4	4	4	5	4	4	5	
1142	3	3	3	3	3	3	3	3	3	4	
1143	4	4	4	4	4	4	4	4	3	4	
1146	4	4	4	4	4	4	4	4	4	5	
1145	3	3	3	3	3	3	3	4	3	5	
1141	4	4	4	4	4	4	4	5	4	5	
1144	4	4	4	4	4	4	4	4	4	4	
1150	4	4	4	4	4	4	4	4	3	3	
1149	4	4	4	4	4	4	4	4	4	4	
1148	3	3	3	3	3	3	3	5	4	5	
1147	3	3	3	3	3	3	4	3	4	5	
1155	4	4	4	4	4	4	5	5	4	3	
1158	4	4	4	4	4	4	4	4	4	5	
1157	4	4	4	4	4	4	4	4	4	3	
1152	4	4	4	4	4	4	5	4	4	3	
1151	4	4	4	4	4	4	6	4	4	4	
1156	4	4	4	4	4	4	4	3	3	4	
1159	4	4	4	4	4	4	5	5	4	4	
1153	2	2	2	2	2	2	2	2	3	3	
1154	3	3	3	3	3	3	3	4	4	4	
1161	3	3	3	3	4	4	4	3	3	2	
1160	3	3	3	3	3	3	3	4	3	4	
1162	3	3	3	3	3	3	4	4	4	4	
1163	4	4	4	4	4	4	5	4	4	3	
1167	3	3	3	3	3	3	4	4	4	3	
1168	3	3	3	3	3	3	4	3	3	2	
1170	3	3	3	3	3	3	3	3	4	4	
1169	4	4	4	4	4	4	4	4	4	6	
1164	5	5	5	4	4	4	4	4	3	4	
1173	4	4	4	4	4	4	4	4	3	5	
1165	4	4	4	4	4	4	4	4	3	4	
1166	3	3	3	3	3	3	3	4	4	6	
1171	4	4	4	3	3	3	4	4	4	3	
1172	5	4	4	4	5	4	4	4	5	3	
1174	3	3	3	3	3	3	3	5	5	4	
1178	4	4	4	4	4	4	3	3	4	4	
1176	4	4	4	4	4	5	4	4	3	6	
1175	4	4	4	4	4	4	5	4	3	4	
1181	3	3	3	3	3	3	4	3	2	4	
1177	4	4	4	4	4	4	4	4	4	4	
1182	4	4	4	4	4	4	3	4	4	4	
1179	5	5	5	5	3	3	3	4	3	4	
1184	5	5	4	4	4	4	4	4	4	4	
1186	4	4	4	4	4	4	4	5	4	4	
1185	4	4	4	4	4	4	4	4	4	4	
1187	4	4	4	4	4	3	5	3	4	4	
1180	4	4	4	4	4	3	3	4	5	4	
1183	3	3	3	3	3	3	3	4	4	3	
1189	2	2	2	2	2	2	2	2	4	3	
1191	3	3	3	3	3	3	3	3	3	4	
1192	4	4	4	4	4	4	4	4	4	4	
1188	4	4	4	4	4	4	3	3	4	4	
1195	4	4	4	4	4	5	7	5	3	4	
1197	4	4	4	4	4	3	3	3	4	4	
1194	4	4	4	4	4	4	4	4	4	5	
1193	4	4	4	4	4	4	4	5	5	3	
1198	3	3	3	3	3	3	3	3	3	5	
1190	4	4	4	4	4	4	4	3	4	5	
1202	3	3	3	3	3	3	4	3	4	4	
1200	3	3	3	3	3	3	3	3	4	4	
1196	4	4	4	4	4	4	5	4	4	4	
1199	4	4	4	4	4	4	3	4	4	4	
1204	4	4	4	4	4	5	3	4	3	4	
1203	4	4	4	4	4	4	4	4	3	4	
1201	4	4	4	4	4	4	3	4	4	4	
1206	3	3	3	3	3	3	3	4	4	4	
1205	4	4	4	4	4	4	3	4	5	4	
1208	3	3	3	3	3	3	4	4	3	3	
1207	4	5	5	4	4	4	4	4	4	4	
1212	4	5	5	4	4	4	4	4	4	4	
1209	4	4	4	4	4	4	3	4	4	3	
1211	4	4	4	4	4	4	4	3	4	4	
1213	4	4	4	4	4	4	4	4	3	4	
1210	3	3	3	3	3	4	4	4	4	4	
1217	4	4	4	4	4	5	4	3	5	4	
1214	4	4	4	4	4	4	4	4	3	4	
1216	4	4	4	4	4	4	4	3	3	3	
1215	4	4	4	4	4	4	4	4	3	4	
1219	4	4	4	4	4	4	4	4	5	4	
1221	4	4	4	4	4	4	4	4	3	4	
1220	4	4	4	4	4	4	4	4	4	4	
1218	3	3	3	3	3	3	3	4	4	4	
1227	4	4	4	4	4	4	4	4	4	4	
1224	3	3	3	3	3	3	3	4	3	3	
1222	4	4	4	4	4	4	4	4	4	4	
1225	3	2	2	2	2	2	2	3	4	3	
1223	4	4	4	4	4	4	4	4	4	4	
1228	4	4	3	3	3	3	3	5	4	4	
1230	2	2	2	2	2	2	3	3	4	3	
1226	5	5	5	4	4	4	3	5	4	4	
1233	3	3	3	3	3	3	3	3	4	4	
1232	3	3	3	3	3	3	3	3	2	3	
1231	4	4	4	4	4	4	4	4	4	4	
1236	3	3	3	3	3	3	3	4	4	6	
1229	4	4	4	5	4	4	4	4	4	4	
1235	3	3	3	4	4	4	3	4	4	3	
1241	3	3	3	3	3	3	3	3	3	4	
1237	4	4	4	4	4	4	4	4	5	4	
1234	4	4	4	4	4	4	4	3	4	5	
1238	4	4	4	4	4	4	4	4	4	4	
1240	4	4	4	4	4	4	4	4	4	4	
1244	4	4	4	4	4	5	5	4	4	4	
1239	4	4	4	4	4	5	4	5	4	5	
1246	2	3	3	3	3	3	3	4	4	4	
1243	4	4	4	4	4	4	4	4	5	4	
1249	3	3	3	3	3	3	3	3	4	4	
1245	4	4	4	4	4	5	4	4	4	5	
1242	5	4	5	4	4	4	4	4	4	4	
1247	3	3	3	3	3	3	3	3	3	4	
1248	3	4	4	4	4	4	4	4	4	3	
1252	4	4	4	4	4	4	4	5	4	4	
1250	4	4	4	4	4	4	4	4	4	4	
1253	4	4	4	4	4	4	4	4	4	3	
1254	5	5	5	5	5	4	4	3	3	4	
1251	2	2	2	2	2	2	3	3	3	4	
1256	4	4	4	4	4	4	4	4	4	5	
1255	2	2	2	2	2	2	2	2	2	3	
1258	4	4	4	4	4	4	4	4	4	4	
1257	4	4	4	4	4	4	4	3	2	4	
1263	4	4	4	4	4	4	4	4	4	5	
1262	3	3	3	3	3	4	3	5	4	3	
1261	3	3	3	3	3	3	3	3	3	4	
1260	4	4	4	4	4	4	4	3	4	2	
1259	3	3	3	3	3	3	3	4	4	4	
1264	4	4	4	4	4	4	4	3	2	4	
1267	4	4	4	4	4	4	4	3	4	4	
1265	3	3	3	3	3	3	3	3	3	3	
1271	4	4	4	4	4	4	4	3	3	4	
1266	4	3	3	3	4	3	2	3	2	3	
1272	4	4	4	4	4	4	4	4	4	4	
1273	4	4	4	4	4	4	4	4	4	3	
1269	3	3	3	3	3	3	3	3	4	4	
1268	3	3	3	3	3	3	3	3	4	4	
1270	3	3	3	3	3	3	3	3	3	4	
1275	3	3	3	3	3	3	3	3	4	5	
1278	4	4	4	4	4	4	4	3	3	4	
1276	4	4	4	4	4	4	4	4	3	3	
1274	4	4	4	4	4	3	3	3	4	4	
1280	4	4	4	4	4	4	4	4	3	3	
1277	3	3	3	3	3	3	4	3	6	4	
1279	4	4	4	4	4	4	4	4	4	4	
1283	4	4	4	4	4	5	4	4	5	4	
1284	4	4	4	4	4	4	5	4	4	4	
1288	4	4	4	4	4	5	4	5	4	4	
1281	4	4	4	4	4	4	4	4	5	4	
1286	4	4	4	4	4	4	4	4	4	4	
1285	3	3	3	3	3	3	3	3	4	5	
1282	3	3	3	3	3	3	3	3	3	4	
1291	4	4	4	4	4	4	4	3	3	4	
1289	4	4	4	4	4	4	3	3	4	4	
1287	4	4	4	4	4	4	4	4	4	4	
1295	4	4	4	4	4	4	4	4	4	2	
1292	5	5	5	5	4	4	3	4	4	4	
1290	4	4	4	4	4	3	3	4	4	3	
1298	5	5	4	4	4	4	4	4	4	4	
1297	3	3	3	3	3	3	3	3	3	3	
1296	5	5	5	4	4	4	5	5	4	4	
1293	6	6	5	5	4	4	4	4	4	5	
1301	4	4	4	4	4	4	4	4	5	4	
1294	4	4	4	4	4	4	4	4	4	4	
1299	3	3	3	3	3	3	3	4	3	5	
1307	4	4	4	4	5	4	4	4	4	4	
1300	3	3	3	3	3	3	3	3	4	4	
1303	3	3	3	3	3	3	3	4	4	4	
1305	4	4	4	4	4	4	4	4	2	4	
1314	3	3	3	3	3	3	3	3	4	3	
1302	4	5	4	4	4	4	4	4	4	4	
1306	4	4	4	4	4	4	4	4	4	4	
1313	4	4	4	4	4	4	4	4	4	5	
1304	5	5	5	4	4	4	4	4	4	4	
1308	3	3	3	3	3	3	3	4	4	4	
1312	4	4	4	4	4	4	4	4	4	4	
1309	3	3	3	3	3	3	3	4	3	5	
1316	4	4	4	4	4	4	4	6	5	4	
1315	5	4	4	4	4	4	4	4	4	5	
1310	3	3	3	3	3	3	3	4	4	5	
1311	4	4	4	4	4	4	5	4	4	3	
1319	4	4	4	4	4	5	4	3	4	3	
1317	5	4	4	4	4	4	4	4	4	4	
1321	4	4	3	3	3	3	3	4	4	4	
1322	4	4	4	4	4	4	4	4	4	4	
1318	3	3	3	3	3	3	3	4	4	4	
1320	4	4	4	4	4	4	5	4	4	5	
1323	4	4	4	4	3	4	4	4	4	3	
1324	3	3	3	3	3	3	4	3	3	4	
1328	4	4	4	4	4	4	4	4	4	4	
1326	3	3	3	3	3	3	3	3	5	3	
1327	4	4	4	5	5	4	4	4	4	4	
1325	3	3	3	3	3	3	4	3	3	5	
1332	4	4	4	4	4	4	5	4	4	4	
1333	4	4	3	3	3	3	3	3	4	4	
1334	4	4	4	4	4	4	5	5	4	4	
1331	4	4	4	4	4	4	4	4	4	4	
1329	4	4	4	4	4	4	4	4	4	4	
1330	3	3	3	3	3	3	4	3	4	4	
1338	5	5	5	5	5	4	3	3	2	4	
1339	4	5	5	5	4	4	4	3	4	4	
1337	4	4	4	4	3	3	4	3	5	5	
1335	2	2	2	2	2	2	3	3	3	4	
1336	3	3	3	3	4	3	3	3	2	3	
1341	3	3	3	3	3	3	3	3	4	4	
1340	4	4	3	3	3	3	3	3	3	5	
1345	3	3	3	3	3	3	3	4	4	4	
1344	3	3	3	3	3	4	4	5	4	4	
1350	5	5	5	5	4	3	3	4	5	5	
1346	4	4	4	4	4	4	4	3	4	4	
1343	5	5	5	4	3	3	4	3	4	3	
1342	4	4	4	4	5	4	4	4	4	3	
1347	4	4	4	4	4	5	5	3	4	3	
1349	4	4	4	4	4	4	4	4	4	4	
1352	5	5	5	5	5	4	4	5	4	5	
1348	4	4	4	4	4	4	4	4	4	3	
1358	4	4	4	4	4	4	4	4	4	4	
1356	3	3	3	3	3	3	3	3	3	3	
1353	4	4	4	4	4	4	4	4	3	4	
1351	3	3	3	3	3	3	3	4	3	4	
1357	4	4	4	4	4	4	4	4	4	4	
1360	3	3	3	3	3	3	3	4	4	4	
1354	4	4	4	4	4	4	4	4	3	4	
1362	5	5	4	4	4	4	4	4	3	4	
1363	4	4	4	4	4	4	3	3	4	3	
1359	4	4	4	4	4	4	4	4	4	2	
1355	3	3	3	3	3	3	3	4	4	4	
1366	4	4	4	4	4	4	4	5	4	4	
1364	3	3	3	3	3	4	3	4	4	4	
1361	3	3	3	3	3	3	3	4	4	3	
1365	3	3	3	3	3	3	3	3	3	4	
1367	4	4	4	4	4	4	4	4	4	4	
1373	3	3	3	3	3	3	3	3	4	4	
1370	4	4	4	4	4	4	4	4	5	4	
1372	3	3	3	3	3	4	3	3	3	4	
1368	3	3	3	3	3	3	4	4	4	4	
1369	2	2	2	2	2	2	2	2	3	3	
1378	3	3	3	3	3	3	3	3	3	5	
1379	4	4	4	4	4	4	4	4	4	4	
1377	3	3	3	3	4	4	4	4	3	3	
1376	4	4	4	4	4	5	4	4	5	4	
1371	4	4	4	4	4	4	4	4	3	4	
1382	5	5	5	4	4	4	4	4	4	4	
1374	3	3	3	3	3	3	3	3	4	4	
1375	4	4	4	4	4	4	3	4	4	4	
1380	4	4	4	4	4	4	4	4	4	4	
1383	5	5	5	5	5	5	5	4	4	3	
1381	2	2	2	2	2	2	3	2	2	2	
1386	4	4	4	4	4	4	4	4	4	3	
1384	4	4	4	4	4	4	4	3	3	3	
1385	4	4	4	4	4	4	5	4	4	4	
1387	3	3	3	3	3	3	3	4	4	5	
1388	4	4	4	4	4	5	4	3	4	5	
1389	4	4	4	4	4	4	4	3	4	4	
1392	3	3	3	3	3	3	4	3	4	4	
1390	4	4	4	4	4	4	4	5	4	5	
1393	3	3	3	3	3	3	3	3	3	4	
1396	5	5	5	5	5	4	4	4	5	4	
1401	4	4	4	4	4	4	4	5	4	4	
1391	4	4	4	4	4	4	4	4	5	3	
1399	3	3	3	3	3	3	3	3	4	4	
1395	4	4	4	4	4	4	4	4	4	4	
1394	4	4	4	4	4	4	4	3	4	4	
1398	4	4	4	4	4	4	4	3	4	4	
1397	4	4	4	4	4	4	4	4	4	4	
1403	4	4	4	4	4	4	4	3	4	4	
1404	4	4	4	4	4	4	4	5	4	4	
1400	5	5	5	5	5	5	4	4	4	4	
1406	3	3	3	3	3	3	3	3	4	4	
1405	4	4	4	4	4	4	3	3	3	3	
1407	5	4	3	3	3	3	3	4	4	5	
1411	4	4	4	4	4	4	4	4	4	4	
1409	4	4	4	4	4	4	3	4	4	4	
1402	4	4	4	4	4	4	4	3	3	4	
1408	4	4	4	4	4	4	4	4	3	3	
1414	3	3	3	3	3	3	3	3	4	3	
1412	4	4	4	4	4	4	5	4	3	4	
1415	3	3	3	3	3	4	4	4	3	4	
1410	4	4	4	4	4	4	4	4	3	4	
1413	3	3	3	3	3	3	3	4	4	4	
1416	4	4	4	4	4	4	4	3	4	5	
1420	3	3	3	3	3	3	3	3	3	4	
1418	4	4	4	4	4	4	4	3	5	4	
1423	3	3	3	3	3	3	3	4	4	4	
1417	4	4	3	3	3	3	4	3	4	4	
1421	5	5	5	5	4	4	4	5	5	5	
1422	5	5	5	5	4	4	5	4	4	4	
1419	4	4	4	4	4	4	4	4	4	4	
1429	3	3	3	3	3	3	3	4	5	4	
1424	3	3	3	3	3	3	3	3	4	3	
1426	5	5	5	5	5	4	3	4	3	5	
1430	4	4	4	3	3	3	3	3	3	5	
1425	4	4	4	4	4	4	5	6	3	5	
1431	3	3	3	3	3	3	3	3	3	5	
1427	4	4	4	4	4	4	4	3	4	4	
1428	4	4	4	4	4	5	4	4	4	4	
1432	4	4	4	4	4	4	4	4	3	4	
1434	4	4	4	4	4	4	4	4	4	4	
1433	4	4	4	4	4	5	4	3	3	4	
1436	6	6	6	6	6	4	4	5	4	4	
1435	5	5	5	5	5	5	5	4	4	4	
1437	4	4	4	4	4	4	4	4	4	4	
1442	4	4	4	4	4	4	3	4	4	4	
1441	4	4	4	4	4	4	4	3	2	5	
1439	4	4	4	4	4	4	4	4	3	4	
1438	4	4	4	4	4	5	5	4	5	5	
1440	3	3	3	3	3	3	3	4	4	4	
1445	5	5	5	5	5	6	5	5	4	5	
1447	3	3	3	3	3	3	4	3	4	4	
1449	4	4	4	4	4	4	4	4	3	4	
1443	4	4	5	5	5	4	3	3	5	4	
1448	4	4	4	4	4	4	4	4	4	4	
1446	4	4	4	3	3	3	3	3	4	4	
1444	4	4	4	4	4	3	3	3	3	4	
1450	5	5	5	6	5	4	4	4	4	4	
1455	5	5	5	5	5	5	5	4	4	6	
1451	3	3	3	3	3	3	3	3	4	4	
1454	5	5	5	4	4	4	3	5	4	4	
1452	4	4	4	4	4	5	5	5	3	4	
1459	4	4	4	4	4	4	5	4	4	5	
1458	4	4	4	4	4	4	5	5	4	4	
1463	4	4	4	4	4	4	4	3	4	4	
1456	3	3	3	3	3	3	3	4	2	4	
1453	4	4	3	3	4	4	4	3	4	4	
1457	4	4	4	4	4	4	4	4	4	5	
1460	4	4	4	4	4	4	4	4	4	4	
1464	4	4	4	4	4	4	4	4	4	4	
1462	4	4	4	4	5	5	4	4	4	4	
1461	4	4	4	4	4	4	4	3	3	3	
1465	4	4	4	4	4	4	4	4	3	3	
1468	4	4	4	4	4	4	4	4	4	3	
1466	4	4	4	4	4	4	4	3	4	4	
1467	4	4	4	4	4	4	4	4	4	4	
1470	4	4	4	4	4	4	4	4	4	4	
1472	3	3	3	3	3	3	3	3	5	4	
1471	4	4	4	4	4	4	4	4	4	4	
1475	4	4	4	4	4	4	4	4	4	4	
1474	5	5	5	6	6	5	4	4	3	4	
1469	5	5	4	4	4	3	3	2	4	3	
1476	5	5	4	4	4	4	4	4	4	4	
1473	3	3	3	3	5	5	5	5	4	5	
1477	3	3	3	3	3	3	3	3	4	4	
1481	4	4	4	4	4	4	4	3	4	4	
1479	4	5	4	4	4	4	4	4	4	3	
1480	3	3	3	3	3	3	3	3	3	4	
1482	3	3	4	3	3	3	3	4	4	3	
1478	4	4	4	4	4	4	4	4	3	5	
1483	3	3	3	3	3	3	3	4	3	4	
1489	3	3	3	3	3	3	3	4	5	5	
1485	4	4	4	4	4	4	4	4	3	4	
1488	3	3	3	3	3	3	3	3	3	4	
1486	5	5	5	5	5	4	4	4	3	5	
1484	4	4	4	4	4	4	4	4	4	4	
1490	5	5	5	4	4	4	4	4	4	3	
1487	4	4	4	4	4	4	3	3	4	4	
1491	4	4	4	4	4	4	4	4	4	4	
1492	4	4	4	4	4	5	5	4	5	3	
1494	3	3	3	3	3	3	3	3	4	4	
1493	3	3	3	3	3	4	3	3	5	4	
1495	4	4	4	4	4	4	4	4	4	3	
1497	3	3	3	3	4	3	3	3	4	4	
1498	5	5	5	4	4	4	5	5	4	4	
1496	3	3	3	3	3	3	3	3	3	3	
1505	4	4	4	4	4	4	4	4	4	4	
1501	4	5	4	4	4	4	4	3	4	4	
1500	3	3	3	3	3	3	3	4	4	3	
1502	3	3	3	3	3	3	3	3	4	4	
1499	3	3	3	3	3	3	3	4	4	3	
1504	4	4	4	4	4	4	4	4	4	5	
1506	4	4	4	4	4	5	6	5	4	4	
1503	4	4	4	4	4	4	4	4	2	5	
1509	4	4	4	3	3	3	3	5	3	4	
1511	3	3	3	3	3	3	3	4	3	4	
1508	4	4	4	4	4	4	4	4	4	3	
1507	4	4	4	4	4	4	4	4	4	4	
1510	3	3	3	3	3	3	3	3	3	4	
1514	4	4	4	4	4	4	4	4	4	4	
1513	4	4	4	4	4	4	4	4	4	4	
1512	4	4	4	4	4	3	4	3	3	3	
1517	4	4	4	4	4	4	4	4	4	4	
1515	4	4	4	4	4	4	4	4	3	4	
1518	3	3	3	3	3	3	3	4	4	3	
1519	4	4	4	4	4	4	4	3	4	4	
1516	4	4	4	4	4	4	4	5	4	4	
1520	4	4	4	4	4	3	4	4	3	5	
1522	3	3	3	3	3	3	3	3	3	4	
1521	2	2	2	2	2	2	2	3	4	4	
1526	3	3	3	3	3	3	3	3	5	4	
1523	4	4	4	4	4	4	4	4	4	4	
1527	4	4	4	4	4	4	4	3	4	4	
1525	4	4	4	4	4	4	4	3	4	3	
1524	4	4	4	4	4	4	4	4	2	4	
1530	3	3	3	3	3	3	3	3	4	4	
1533	4	4	4	4	4	4	5	4	4	4	
1529	4	4	4	4	4	4	4	4	4	4	
1534	4	4	4	4	4	4	4	4	4	4	
1528	4	4	4	4	4	3	4	4	3	4	
1531	4	4	4	4	4	4	4	4	4	4	
1536	3	3	3	3	3	3	4	4	4	5	
1535	4	4	4	4	4	4	4	4	3	4	
1532	4	4	4	4	4	5	4	3	4	4	
1538	4	4	4	4	4	4	4	3	4	4	
1539	3	3	3	3	3	3	3	3	5	3	
1541	4	4	4	4	3	3	3	4	4	5	
1540	4	4	4	4	4	5	3	3	4	3	
1537	4	4	4	4	4	4	4	4	4	3	
1542	4	4	4	4	4	4	4	5	4	4	
1546	5	5	5	5	5	4	4	4	5	3	
1543	3	3	3	3	3	3	3	3	3	4	
1544	4	4	4	4	4	4	4	4	3	4	
1547	4	4	4	4	5	3	3	3	3	5	
1549	4	4	4	4	3	3	3	3	4	4	
1545	4	4	4	4	4	4	4	3	3	4	
1550	4	4	4	4	4	4	4	5	4	5	
1554	4	4	4	4	4	4	4	4	4	4	
1556	3	3	3	3	3	3	3	3	4	4	
1555	3	3	3	3	3	3	3	3	4	4	
1548	4	4	3	3	3	3	3	3	5	4	
1551	2	2	2	2	2	2	2	4	4	4	
1558	4	4	4	4	4	3	3	3	4	4	
1553	3	3	3	3	3	3	3	3	4	4	
1557	4	4	4	4	4	4	4	3	5	5	
1560	4	4	4	3	3	3	3	3	3	4	
1552	4	4	4	4	4	4	5	4	4	4	
1562	4	4	4	4	4	4	4	4	4	4	
1559	4	4	4	4	4	4	4	4	5	5	
1561	4	4	4	4	4	4	4	4	4	4	
1566	3	3	3	3	4	3	3	3	4	5	
1568	3	3	3	3	3	3	3	4	3	4	
1564	4	4	4	4	4	4	3	3	4	4	
1567	4	4	4	4	3	3	3	4	4	4	
1570	4	4	4	4	4	4	5	4	4	3	
1563	4	4	5	4	4	4	4	4	4	3	
1569	4	4	4	4	4	5	4	4	4	4	
1565	4	4	3	3	3	3	3	3	3	4	
1572	4	4	4	4	4	4	4	4	4	3	
1573	3	3	3	3	3	3	3	3	4	4	
1571	3	3	3	3	4	3	3	3	4	4	
1577	4	4	4	4	4	4	4	4	4	4	
1575	3	3	3	3	3	3	3	3	2	4	
1578	4	4	4	4	4	5	4	5	4	5	
1574	4	4	4	4	4	4	5	4	3	4	
1581	4	4	4	4	4	4	4	3	3	3	
1584	3	3	3	3	3	3	3	4	5	5	
1580	4	4	4	4	4	4	4	4	4	4	
1576	4	4	4	4	4	4	4	4	4	4	
1579	4	4	4	4	4	4	4	4	4	4	
1587	5	5	5	5	5	4	4	4	4	4	
1583	4	4	4	4	4	4	4	4	4	3	
1582	3	3	3	3	3	3	4	3	5	4	
1589	3	3	3	3	3	3	3	4	4	4	
1585	4	4	4	4	4	4	3	3	3	4	
1586	4	4	4	4	4	4	4	4	4	5	
1590	5	5	5	4	4	5	5	4	4	3	
1588	5	5	5	4	4	4	5	5	4	4	
1594	4	4	4	4	4	4	4	4	3	4	
1591	5	5	5	4	4	4	4	5	4	4	
1592	2	2	2	2	2	2	2	2	3	5	
1597	4	4	4	4	4	4	3	4	4	4	
1598	3	3	3	3	3	3	3	3	3	4	
1593	4	4	4	4	4	4	4	4	4	4	
1599	3	3	3	3	3	3	3	4	4	5	
1596	4	4	4	4	4	4	4	3	4	3	
1595	5	5	5	5	5	5	5	4	5	4	
1601	3	3	3	3	3	3	5	4	3	5	
1602	4	4	4	4	4	4	4	4	5	4	
1600	4	4	4	4	4	4	4	3	4	4	
1608	3	3	3	3	3	3	4	4	4	4	
1603	4	4	4	4	4	4	4	4	4	4	
1606	3	3	3	3	3	3	3	3	3	4	
1604	5	5	5	4	4	4	3	3	4	3	
1609	3	3	3	3	3	3	3	4	4	4	
1607	4	4	4	4	4	4	4	4	4	4	
1612	4	4	4	4	4	4	3	3	3	4	
1605	3	3	3	3	3	3	3	3	4	3	
1611	4	4	4	4	4	4	4	4	5	4	
1613	4	4	4	4	4	5	3	4	3	5	
1610	4	4	3	3	3	3	4	4	3	4	
1614	4	4	4	4	4	4	4	3	5	4	
1615	3	3	3	3	3	3	2	4	3	4	
1623	4	4	4	4	4	4	4	4	4	4	
1620	3	3	3	3	3	3	4	3	3	4	
1617	2	2	2	2	2	2	2	2	3	4	
1624	4	4	4	4	4	4	4	3	4	4	
1616	4	4	4	4	4	4	3	3	4	4	
1621	5	4	4	4	4	4	4	3	4	4	
1618	3	3	3	3	4	4	4	4	4	4	
1619	4	4	4	4	4	4	4	4	4	3	
1622	4	4	4	4	4	4	4	4	4	3	
1627	4	4	4	4	4	4	4	4	5	4	
1626	4	4	4	4	3	3	3	3	4	4	
1625	2	2	2	2	2	2	2	3	4	4	
1629	4	4	4	4	4	4	4	4	4	4	
1631	3	3	3	3	4	3	3	3	4	3	
1628	4	4	4	4	4	4	5	3	3	3	
1634	3	3	3	3	3	3	3	3	5	4	
1632	3	3	3	3	3	4	5	5	4	4	
1630	4	4	4	4	3	3	3	3	3	4	
1636	2	2	2	2	2	2	2	2	4	4	
1633	3	3	3	3	3	3	3	3	4	3	
1635	4	4	4	4	4	4	5	5	4	4	
1638	4	4	4	4	4	4	4	4	4	5	
1637	3	3	3	3	4	4	3	3	4	4	
1640	3	3	3	3	3	3	3	3	4	3	
1639	5	5	4	4	4	3	3	4	3	5	
1643	4	4	4	4	4	4	3	3	4	4	
1646	3	3	3	3	3	3	3	3	3	4	
1641	4	4	4	4	4	4	4	4	4	3	
1648	4	4	4	4	4	4	3	4	3	4	
1645	4	4	4	4	4	4	3	3	4	4	
1644	3	3	3	3	3	3	3	4	4	3	
1642	4	4	4	4	4	4	4	5	4	4	
1649	4	4	4	4	4	4	4	4	3	3	
1650	4	4	4	4	4	4	3	3	5	4	
1651	4	4	4	4	4	4	4	4	4	5	
1647	4	4	4	4	4	4	4	4	5	4	
1652	4	4	4	4	4	4	4	4	4	4	
1656	3	3	3	3	3	3	3	2	4	3	
1655	4	4	3	3	3	3	2	4	4	4	
1657	3	3	3	3	3	3	3	5	2	4	
1653	4	4	4	4	4	4	4	4	4	3	
1658	3	3	3	3	3	4	5	4	6	4	
1654	3	3	3	3	3	3	3	3	3	4	
1661	3	3	3	3	3	3	3	4	4	4	
1659	4	4	4	4	4	4	4	4	4	4	
1662	4	4	4	4	4	4	4	4	3	4	
1660	6	6	5	5	4	4	4	4	5	4	
1664	4	4	4	4	4	4	4	3	3	4	
1666	3	3	2	2	2	2	2	2	2	3	
1663	4	4	4	4	4	4	4	4	4	3	
1669	3	3	3	3	3	3	3	3	3	4	
1672	4	4	4	4	4	4	4	4	4	5	
1673	4	4	4	4	4	4	4	3	4	4	
1671	4	4	4	4	4	4	4	3	3	3	
1670	4	4	4	4	4	4	4	5	5	5	
1665	4	4	4	4	4	3	3	3	4	4	
1667	4	4	4	4	4	4	5	4	4	4	
1668	4	4	4	4	4	4	4	4	4	3	
1674	4	4	4	4	4	4	3	4	4	4	
1679	4	4	4	4	4	4	4	3	4	4	
1676	5	5	5	5	4	4	3	3	4	3	
1675	4	4	4	4	4	4	4	3	2	4	
1677	3	3	3	3	3	3	3	3	4	4	
1678	4	4	4	4	4	4	4	4	4	4	
1680	4	4	4	4	4	3	3	5	4	4	
1683	4	4	4	4	4	4	5	4	4	4	
1684	4	4	4	4	4	4	4	3	3	4	
1681	3	3	3	3	3	3	3	4	4	5	
1682	3	3	3	3	3	3	3	4	3	5	
1686	4	4	4	4	4	4	3	3	3	3	
1685	4	4	4	4	4	4	4	4	4	4	
1688	3	3	3	3	3	3	3	3	4	2	
1687	4	4	4	4	4	4	4	3	3	4	
1691	3	3	3	3	3	3	3	3	4	5	
1690	4	4	4	4	4	4	4	4	4	4	
1693	3	3	3	3	3	3	3	4	5	3	
1696	3	3	3	3	3	3	4	4	4	4	
1689	3	3	3	3	3	4	4	3	4	3	
1699	4	4	4	4	4	4	4	5	4	4	
1700	3	3	3	3	3	3	3	4	5	3	
1692	4	4	4	4	4	4	4	4	4	4	
1694	4	4	4	4	4	4	4	5	6	4	
1697	5	5	5	5	4	5	4	4	4	4	
1698	3	3	3	3	3	3	3	3	4	4	
1701	3	3	3	3	3	3	3	3	4	3	
1695	3	3	3	3	3	3	3	4	4	3	
1702	4	4	4	4	4	4	4	4	3	6	
1704	5	5	4	4	4	4	5	5	4	4	
1703	4	4	4	4	4	4	4	3	4	4	
1708	4	4	4	4	4	5	3	4	5	4	
1710	3	3	3	3	3	3	3	3	4	4	
1706	3	3	3	3	3	3	3	3	4	3	
1707	4	4	4	4	4	4	4	4	3	4	
1709	4	4	4	4	4	4	4	4	4	4	
1705	4	4	4	4	4	4	4	4	4	4	
1712	3	3	3	3	3	3	3	4	3	4	
1714	2	2	2	2	2	2	2	2	4	4	
1715	4	4	4	4	5	4	4	4	5	4	
1711	4	4	4	4	4	4	4	4	4	5	
1718	4	4	4	4	4	4	4	3	3	4	
1713	4	4	4	4	4	4	4	4	4	4	
1716	2	2	2	2	2	2	2	2	4	4	
1721	4	4	4	3	3	3	3	3	4	3	
1723	4	4	4	4	4	4	4	4	4	3	
1724	4	4	4	4	4	4	4	4	4	4	
1722	4	4	4	4	4	4	4	3	4	6	
1717	4	4	4	4	4	4	5	4	3	4	
1719	4	4	4	4	4	4	5	4	5	3	
1725	4	4	4	4	4	4	5	4	4	3	
1720	4	4	4	4	4	4	4	4	3	4	
1729	3	3	3	3	3	3	3	5	3	4	
1726	4	4	4	4	4	4	4	4	4	3	
1727	4	4	4	5	5	4	4	4	5	4	
1730	4	4	4	4	5	4	4	4	4	4	
1728	3	3	3	3	3	3	3	3	4	3	
1732	4	4	4	4	4	4	4	4	4	4	
1731	3	3	3	3	3	3	3	2	4	4	
1734	5	5	5	5	5	5	5	4	4	4	
1737	4	4	4	4	4	4	4	4	4	4	
1733	2	2	2	2	2	2	2	2	4	4	
1735	3	3	3	3	3	3	3	4	4	4	
1736	4	4	4	4	4	4	4	4	3	4	
1738	4	4	4	4	4	4	4	4	4	6	
1740	3	3	3	3	3	3	3	3	4	5	
1741	3	3	3	3	3	3	3	3	2	4	
1744	2	2	2	2	2	2	2	2	4	4	
1742	3	3	3	3	3	3	3	5	4	4	
1739	3	3	3	3	3	3	3	3	4	4	
1743	4	4	4	4	4	4	4	5	5	4	
1745	4	4	4	4	4	4	5	5	4	5	
1746	4	4	4	4	4	4	4	3	3	4	
1747	4	4	4	4	4	4	3	4	2	3	
1749	3	3	3	3	3	3	3	4	3	3	
1750	4	4	4	4	4	4	4	4	4	4	
1755	5	5	5	5	5	4	4	4	4	4	
1751	3	3	3	3	3	3	3	4	5	4	
1748	4	4	4	4	4	4	4	4	4	4	
1754	3	3	3	3	3	3	3	3	4	4	
1752	3	3	3	3	3	3	3	3	4	4	
1757	4	4	4	4	4	4	4	4	4	4	
1756	5	4	4	4	4	5	4	4	4	3	
1758	3	3	3	3	3	3	3	3	2	3	
1760	4	4	4	4	4	5	4	4	4	4	
1753	3	3	3	3	3	3	3	5	4	4	
1759	3	3	3	3	3	4	4	3	5	3	
1761	4	4	4	4	4	5	4	4	4	4	
1762	5	5	5	5	4	4	4	4	5	4	
1764	4	4	4	4	4	4	4	4	4	3	
1766	5	5	5	5	5	5	4	4	4	5	
1763	4	4	3	3	3	3	3	4	4	4	
1765	4	4	4	4	4	3	3	4	4	4	
1768	3	3	3	3	3	3	3	3	4	4	
1774	3	3	3	3	3	3	4	3	4	4	
1771	4	4	4	4	4	3	3	4	4	4	
1770	5	5	5	5	4	4	4	3	4	4	
1769	3	3	3	3	3	3	3	3	3	5	
1767	4	4	4	3	3	3	3	5	4	4	
1772	4	4	4	4	4	4	4	4	4	4	
1775	4	4	3	3	3	3	3	3	5	3	
1780	4	4	4	4	4	4	4	3	3	3	
1781	4	4	4	4	4	4	5	5	4	5	
1773	3	3	3	3	3	3	3	2	4	4	
1776	3	3	3	3	3	3	4	4	4	3	
1782	3	4	4	4	3	3	2	3	3	3	
1779	5	5	5	5	4	4	4	5	4	4	
1777	4	4	4	4	4	4	4	4	4	4	
1778	3	3	3	3	3	3	3	3	4	4	
1787	4	4	4	4	4	3	3	3	4	4	
1784	3	3	3	3	3	3	3	3	4	4	
1785	4	4	4	4	4	4	4	4	4	4	
1786	5	5	4	5	4	4	4	3	4	4	
1783	4	4	4	4	4	4	4	4	4	4	
1788	4	4	4	4	4	4	3	3	3	3	
1790	4	4	4	4	4	4	4	3	4	4	
1791	4	4	4	4	4	5	4	4	4	4	
1793	5	5	4	4	4	4	3	4	4	4	
1789	4	4	4	4	4	4	4	4	3	4	
1792	3	3	3	3	3	3	3	3	3	3	
1803	4	4	4	4	4	4	4	4	4	4	
1794	4	4	4	4	4	4	3	4	4	5	
1800	4	5	5	4	4	4	3	4	4	5	
1797	3	3	3	3	3	3	3	4	5	4	
1798	3	3	3	3	3	3	3	3	3	4	
1801	4	4	4	4	4	4	4	4	4	3	
1796	4	4	4	4	4	4	3	4	4	4	
1795	4	4	4	4	4	4	4	4	4	3	
1805	4	4	4	4	4	4	4	4	3	4	
1806	5	5	5	4	4	4	4	3	4	4	
1807	4	4	4	4	4	5	5	4	4	4	
1799	4	4	4	4	4	4	4	4	4	4	
1804	5	5	5	5	4	4	4	4	4	4	
1802	3	3	3	3	3	3	3	3	4	4	
1811	3	3	3	3	3	3	3	3	4	4	
1809	3	3	3	3	4	3	3	3	4	4	
1813	4	4	4	4	4	4	4	4	4	5	
1812	5	4	4	4	4	4	4	4	4	4	
1810	4	4	4	4	4	4	3	3	3	3	
1808	3	3	3	3	3	3	3	3	4	5	
1820	3	3	3	3	3	3	3	5	5	4	
1816	4	4	4	4	4	4	4	4	4	3	
1817	3	3	3	3	3	3	3	4	4	4	
1815	2	2	2	2	2	2	2	2	4	4	
1819	3	3	3	2	2	2	3	3	3	4	
1814	4	4	4	4	4	4	3	4	4	4	
1818	4	4	4	4	4	4	4	5	4	4	
1821	3	3	3	3	3	3	4	3	3	5	
1823	3	3	3	3	3	3	3	3	4	4	
1822	3	3	3	3	3	3	3	4	4	4	
1824	4	4	4	4	3	3	4	4	3	4	
1827	4	4	4	4	4	4	4	4	3	3	
1831	4	4	4	4	4	5	4	5	4	4	
1828	4	4	4	4	5	4	5	4	4	4	
1825	3	3	3	3	3	3	3	3	3	4	
1826	4	4	4	4	4	4	4	4	3	4	
1833	3	3	3	3	3	4	4	4	4	4	
1829	5	5	5	4	4	4	4	3	3	3	
1830	4	4	4	4	4	4	3	3	3	3	
1836	4	4	4	4	4	4	3	4	4	4	
1834	3	3	3	3	3	3	3	3	4	4	
1832	3	3	3	3	3	2	2	2	3	4	
1837	6	5	4	4	4	4	4	4	3	4	
1835	4	4	4	4	4	4	4	4	4	4	
1838	2	2	2	2	2	2	2	3	4	3	
1839	4	4	4	4	3	3	3	3	3	3	
1840	4	4	4	4	4	4	3	4	3	3	
1843	4	4	4	4	4	5	4	4	4	5	
1842	4	4	4	4	4	4	4	4	4	5	
1841	4	4	4	4	4	4	4	5	4	4	
1845	3	3	3	3	3	3	3	4	4	4	
1847	4	4	4	4	4	4	4	3	3	4	
1846	4	4	4	4	4	4	3	3	3	4	
1844	4	4	4	5	5	4	4	4	5	4	
1848	4	4	4	4	4	4	4	4	4	4	
1849	5	5	5	5	4	4	4	5	4	4	
1852	4	4	4	4	4	4	3	3	5	3	
1850	4	4	4	4	5	4	4	3	4	4	
1853	3	3	3	3	3	3	4	4	4	5	
1851	4	4	4	4	4	4	4	4	4	3	
1856	4	4	4	4	4	4	4	4	4	4	
1855	4	4	4	4	4	4	4	4	4	5	
1862	4	4	4	4	4	4	3	4	4	4	
1863	3	3	3	3	3	3	3	3	4	4	
1854	4	4	4	4	4	4	4	4	4	4	
1857	4	4	4	4	4	4	4	4	4	4	
1859	3	3	3	3	4	4	3	4	3	4	
1858	4	4	4	4	4	4	5	4	3	4	
1861	4	4	4	4	4	4	3	3	4	5	
1866	4	4	4	4	4	4	4	4	4	4	
1860	3	3	3	3	3	3	3	3	2	3	
1871	4	4	4	4	4	4	4	4	6	3	
1867	4	4	4	4	4	4	4	3	4	5	
1864	4	4	4	4	4	4	4	4	4	4	
1868	3	3	3	4	4	4	4	4	4	4	
1869	4	4	4	4	5	5	4	4	4	5	
1865	3	3	3	3	3	3	3	4	3	4	
1874	4	4	4	4	4	4	4	4	5	4	
1873	4	4	4	4	4	4	4	4	3	3	
1872	4	4	4	4	4	3	3	4	4	4	
1870	3	3	3	3	3	4	4	4	4	3	
1882	4	4	4	4	4	4	4	3	4	5	
1875	3	3	3	3	3	3	3	3	3	4	
1877	4	4	4	4	4	4	5	4	4	4	
1880	4	4	4	4	4	4	4	4	4	3	
1881	4	4	4	4	4	4	4	4	4	3	
1879	5	5	5	5	4	4	4	4	4	4	
1876	4	4	4	4	4	4	4	5	4	4	
1887	4	4	4	4	4	4	4	4	4	4	
1878	3	3	3	3	3	3	3	3	2	3	
1884	3	4	3	3	3	3	3	3	4	4	
1888	3	3	3	4	4	4	4	4	4	4	
1890	4	4	4	4	4	5	4	4	5	5	
1886	4	3	3	3	3	3	3	4	3	4	
1883	4	5	5	5	4	4	4	4	4	5	
1889	4	4	4	4	4	4	4	5	5	4	
1885	4	4	4	4	4	4	4	4	4	6	
1892	3	3	3	3	3	3	3	3	2	4	
1894	4	4	4	4	4	4	3	3	4	4	
1891	4	4	4	4	4	4	4	4	3	4	
1899	2	2	2	2	2	2	2	2	4	4	
1893	3	3	3	3	3	3	4	5	3	4	
1901	4	4	4	4	4	4	4	4	5	4	
1896	4	4	4	4	4	5	4	4	4	3	
1895	4	4	4	4	4	4	5	4	4	5	
1900	4	4	4	4	4	4	4	4	5	3	
1897	3	3	3	3	4	4	3	4	4	4	
1903	2	2	2	2	2	2	2	4	2	2	
1898	4	4	4	4	4	4	4	4	3	4	
1902	4	4	4	4	4	4	5	4	4	5	
1908	3	3	3	3	3	3	4	3	4	3	
1905	4	4	4	4	4	4	4	4	4	3	
1912	4	5	4	4	4	4	4	4	5	4	
1904	3	3	3	3	3	3	3	3	4	4	
1910	3	3	3	3	3	3	4	4	4	4	
1914	3	3	3	3	3	3	5	4	3	4	
1906	4	4	4	4	4	4	4	5	5	4	
1918	5	5	5	5	5	5	4	4	4	4	
1915	3	3	3	3	3	3	3	4	5	3	
1909	4	4	4	4	3	4	3	4	3	4	
1907	4	4	4	4	4	4	5	4	3	5	
1911	4	4	3	3	3	3	3	4	3	3	
1913	4	4	4	4	4	4	3	3	4	4	
1920	2	2	2	2	2	2	2	2	3	3	
1919	3	3	3	3	3	3	3	3	2	3	
1921	2	2	2	2	2	2	2	4	2	4	
1917	4	4	4	4	4	4	5	3	3	4	
1916	4	4	4	4	4	4	4	3	4	4	
1926	5	3	3	3	4	4	3	3	4	2	
1922	4	4	4	4	4	5	4	4	4	4	
1927	3	3	3	3	3	3	4	4	4	5	
1930	4	4	4	3	3	3	4	3	3	3	
1925	4	4	4	4	4	4	4	4	5	3	
1928	4	4	4	4	4	4	4	4	4	4	
1924	4	4	4	4	4	4	4	3	4	4	
1923	4	4	4	4	3	3	3	3	4	4	
1929	3	3	3	3	3	3	3	4	3	4	
1931	3	3	3	3	3	3	3	4	3	4	
1932	4	4	4	4	4	4	4	4	4	5	
1935	4	4	4	4	4	4	4	4	3	4	
1934	4	4	4	4	4	4	4	4	3	4	
1938	3	3	3	3	3	3	3	3	2	4	
1940	4	4	4	4	4	4	3	4	4	3	
1939	4	4	4	3	3	3	3	5	4	4	
1941	4	4	5	4	5	5	4	5	5	4	
1942	4	4	4	4	4	4	4	4	4	4	
1937	4	4	3	3	3	3	3	3	3	4	
1933	4	4	4	4	4	4	4	4	3	4	
1944	4	4	4	4	4	4	3	3	4	4	
1936	2	2	2	2	2	2	2	3	3	4	
1943	3	3	3	3	3	3	4	4	4	5	
1945	4	4	4	4	4	4	4	3	4	4	
1948	3	3	3	3	3	3	3	3	4	5	
1949	5	5	5	4	4	4	4	4	3	4	
1950	4	4	4	4	4	4	3	3	4	4	
1946	3	3	3	3	3	3	3	3	4	5	
1947	4	4	4	4	4	4	4	4	4	5	
1951	3	3	3	3	3	3	3	3	3	4	
1955	5	5	5	5	4	4	4	3	4	4	
1953	4	4	4	4	4	4	4	3	3	4	
1957	4	4	4	4	4	4	3	4	3	3	
1952	3	3	3	3	3	3	3	3	4	4	
1958	4	4	4	4	4	4	4	5	3	4	
1956	4	4	4	4	4	4	5	4	4	4	
1959	4	4	4	4	4	4	4	5	4	4	
1954	2	2	2	2	2	2	2	2	2	3	
1962	4	4	4	4	4	4	4	6	5	4	
1963	3	3	3	3	3	3	3	3	5	3	
1961	4	4	4	4	4	4	4	4	3	4	
1965	4	4	4	4	4	4	4	3	4	4	
1966	3	3	3	3	3	3	3	3	4	4	
1967	3	3	3	3	3	3	3	4	2	4	
1960	3	3	3	3	3	3	4	4	3	4	
1968	4	4	4	4	4	4	4	5	4	4	
1964	4	4	4	4	4	3	4	4	4	4	
1970	4	4	4	4	3	3	3	3	2	4	
1977	4	4	4	3	3	3	3	3	3	4	
1972	3	3	3	3	3	3	3	2	4	4	
1975	3	3	3	3	3	3	3	3	5	4	
1979	4	4	4	4	4	3	3	5	3	5	
1969	4	4	4	4	4	4	3	4	4	4	
1974	4	4	4	4	4	4	4	4	4	4	
1971	3	3	3	3	3	3	3	3	3	4	
1976	4	4	4	4	4	4	4	4	4	4	
1978	4	4	4	4	4	4	4	4	3	3	
1973	5	5	5	4	4	3	4	4	4	4	
1989	4	4	3	3	3	3	3	4	4	5	
1981	4	4	4	4	4	4	4	4	4	4	
1986	3	3	3	3	3	3	4	3	4	4	
1983	4	4	4	4	4	4	4	4	4	4	
1980	4	4	4	4	4	4	4	5	4	5	
1982	4	4	4	4	4	4	4	3	3	4	
1990	4	4	4	4	4	4	4	4	4	4	
1991	4	4	4	4	4	4	4	4	4	4	
1993	4	4	4	4	4	4	4	4	4	5	
1988	4	4	4	4	4	4	4	4	3	4	
1992	3	3	3	3	3	3	3	3	4	4	
1984	4	5	4	4	4	4	4	4	4	3	
1996	3	3	3	3	3	3	3	3	5	4	
1985	3	3	3	3	4	4	4	4	4	4	
1987	5	5	5	5	4	3	3	4	4	4	
1997	5	5	5	5	5	4	4	5	4	4	
1995	4	4	4	4	3	3	3	4	3	4	
1998	4	4	4	4	4	4	4	5	3	5	
1994	4	4	4	4	4	4	4	2	4	3	
1999	4	4	4	4	4	4	3	3	4	4	
2000	3	3	3	3	3	3	3	4	4	5	
